训练开始: 2025-06-17 22:07:36
Group: (401223.552, 3044155.756, 670)
模型标准化格式保存路径：lstmscaler/(401223.552, 3044155.756, 670)best_scaler.pkl
最优模型参数保存路径：lstmmodel/(401223.552, 3044155.756, 670)best_model.pth
Epoch 0 MSE: 0.2255275398492813
Epoch 0 val RMSE: 5.910565127028853
Best model saved at epoch 0 with Test RMSE: 5.910565127028853
Epoch 1 MSE: 0.2524465322494507
Epoch 1 val RMSE: 4.135531535182777
Best model saved at epoch 1 with Test RMSE: 4.135531535182777
Epoch 2 MSE: 0.2059268355369568
Epoch 2 val RMSE: 3.102351551915476
Best model saved at epoch 2 with Test RMSE: 3.102351551915476
Epoch 3 MSE: 0.19888995587825775
Epoch 3 val RMSE: 1.8926702738749137
Best model saved at epoch 3 with Test RMSE: 1.8926702738749137
Epoch 4 MSE: 0.17392583191394806
Epoch 4 val RMSE: 1.8837145152353758
Best model saved at epoch 4 with Test RMSE: 1.8837145152353758
Epoch 5 MSE: 0.11101573705673218
Epoch 5 val RMSE: 2.9396670849767337
Epoch 6 MSE: 0.0895957425236702
Epoch 6 val RMSE: 2.8059711547151993
Epoch 7 MSE: 0.08617348223924637
Epoch 7 val RMSE: 2.1510745978124524
Epoch 8 MSE: 0.05231500789523125
Epoch 8 val RMSE: 2.380653779288286
Epoch 9 MSE: 0.04836384952068329
Epoch 9 val RMSE: 2.2365346221870688
Epoch 10 MSE: 0.048948023468256
Epoch 10 val RMSE: 1.8616558799101024
Best model saved at epoch 10 with Test RMSE: 1.8616558799101024
Epoch 11 MSE: 0.04129604622721672
Epoch 11 val RMSE: 1.5151478124342093
Best model saved at epoch 11 with Test RMSE: 1.5151478124342093
Epoch 12 MSE: 0.039151180535554886
Epoch 12 val RMSE: 1.3994167884219788
Best model saved at epoch 12 with Test RMSE: 1.3994167884219788
Epoch 13 MSE: 0.04040030390024185
Epoch 13 val RMSE: 1.4713370083058803
Epoch 14 MSE: 0.029510194435715675
Epoch 14 val RMSE: 1.638423859988574
Epoch 15 MSE: 0.02688075415790081
Epoch 15 val RMSE: 1.7407384071868033
Epoch 16 MSE: 0.02315479703247547
Epoch 16 val RMSE: 1.6516243741689571
Epoch 17 MSE: 0.018299899995326996
Epoch 17 val RMSE: 1.4198498399347188
Epoch 18 MSE: 0.015035917051136494
Epoch 18 val RMSE: 1.5923968535933832
Epoch 19 MSE: 0.014090240933001041
Epoch 19 val RMSE: 1.665100848262544
Epoch 20 MSE: 0.013118249364197254
Epoch 20 val RMSE: 1.366852332312263
Best model saved at epoch 20 with Test RMSE: 1.366852332312263
Epoch 21 MSE: 0.011287891305983067
Epoch 21 val RMSE: 1.356666848950448
Best model saved at epoch 21 with Test RMSE: 1.356666848950448
Epoch 22 MSE: 0.012978438287973404
Epoch 22 val RMSE: 1.2805289588909774
Best model saved at epoch 22 with Test RMSE: 1.2805289588909774
Epoch 23 MSE: 0.009410763159394264
Epoch 23 val RMSE: 1.2823759109667856
Epoch 24 MSE: 0.006479884497821331
Epoch 24 val RMSE: 1.39582512506757
Epoch 25 MSE: 0.008539622649550438
Epoch 25 val RMSE: 1.1546699450323714
Best model saved at epoch 25 with Test RMSE: 1.1546699450323714
Epoch 26 MSE: 0.005723726470023394
Epoch 26 val RMSE: 0.9658470342968255
Best model saved at epoch 26 with Test RMSE: 0.9658470342968255
Epoch 27 MSE: 0.004444772377610207
Epoch 27 val RMSE: 1.0190907546182413
Epoch 28 MSE: 0.00621460285037756
Epoch 28 val RMSE: 0.9522451185390254
Best model saved at epoch 28 with Test RMSE: 0.9522451185390254
Epoch 29 MSE: 0.0049544041976332664
Epoch 29 val RMSE: 0.8492147647374614
Best model saved at epoch 29 with Test RMSE: 0.8492147647374614
Epoch 30 MSE: 0.0036886343732476234
Epoch 30 val RMSE: 0.8847457176141507
Epoch 31 MSE: 0.00496406015008688
Epoch 31 val RMSE: 0.8507916872839789
Epoch 32 MSE: 0.003829533699899912
Epoch 32 val RMSE: 0.8052535427244149
Best model saved at epoch 32 with Test RMSE: 0.8052535427244149
Epoch 33 MSE: 0.002857792191207409
Epoch 33 val RMSE: 0.8715137102292854
Epoch 34 MSE: 0.0034595190081745386
Epoch 34 val RMSE: 0.8629603415180909
Epoch 35 MSE: 0.0028975517489016056
Epoch 35 val RMSE: 0.8355623633477114
Epoch 36 MSE: 0.0020629980135709047
Epoch 36 val RMSE: 0.934665368167893
Epoch 37 MSE: 0.002698075957596302
Epoch 37 val RMSE: 0.922997680076337
Epoch 38 MSE: 0.002465910976752639
Epoch 38 val RMSE: 0.8208645007869394
Epoch 39 MSE: 0.0018701223889365792
Epoch 39 val RMSE: 0.8112074033489641
Epoch 40 MSE: 0.002413121284916997
Epoch 40 val RMSE: 0.7842053780913938
Best model saved at epoch 40 with Test RMSE: 0.7842053780913938
Epoch 41 MSE: 0.0021863174624741077
Epoch 41 val RMSE: 0.7700563372401081
Best model saved at epoch 41 with Test RMSE: 0.7700563372401081
Epoch 42 MSE: 0.0016775577096268535
Epoch 42 val RMSE: 0.8154639688012874
Epoch 43 MSE: 0.0019389544613659382
Epoch 43 val RMSE: 0.7753279345942993
Epoch 44 MSE: 0.0017708895029500127
Epoch 44 val RMSE: 0.6912643804313272
Best model saved at epoch 44 with Test RMSE: 0.6912643804313272
Epoch 45 MSE: 0.0014454432530328631
Epoch 45 val RMSE: 0.6591976813226957
Best model saved at epoch 45 with Test RMSE: 0.6591976813226957
Epoch 46 MSE: 0.001536461291834712
Epoch 46 val RMSE: 0.6276426712402015
Best model saved at epoch 46 with Test RMSE: 0.6276426712402015
Epoch 47 MSE: 0.0015457714907824993
Epoch 47 val RMSE: 0.5990593590054578
Best model saved at epoch 47 with Test RMSE: 0.5990593590054578
Epoch 48 MSE: 0.001369340461678803
Epoch 48 val RMSE: 0.6076930137022406
Epoch 49 MSE: 0.0013213781639933586
Epoch 49 val RMSE: 0.611466267245634
Epoch 50 MSE: 0.00141337129753083
Epoch 50 val RMSE: 0.5893568087912608
Best model saved at epoch 50 with Test RMSE: 0.5893568087912608
Epoch 51 MSE: 0.0013265544548630714
Epoch 51 val RMSE: 0.5673761941914451
Best model saved at epoch 51 with Test RMSE: 0.5673761941914451
Epoch 52 MSE: 0.0011989687336608768
Epoch 52 val RMSE: 0.5533936144651678
Best model saved at epoch 52 with Test RMSE: 0.5533936144651678
Epoch 53 MSE: 0.0012728305300697684
Epoch 53 val RMSE: 0.5460635295577472
Best model saved at epoch 53 with Test RMSE: 0.5460635295577472
Epoch 54 MSE: 0.0012454923707991838
Epoch 54 val RMSE: 0.5544172353901659
Epoch 55 MSE: 0.0010980416554957628
Epoch 55 val RMSE: 0.5740007518686959
Epoch 56 MSE: 0.001126389834098518
Epoch 56 val RMSE: 0.5818174596786759
Epoch 57 MSE: 0.001148583134636283
Epoch 57 val RMSE: 0.5682944296734188
Epoch 58 MSE: 0.0010391940595582128
Epoch 58 val RMSE: 0.5493895621859726
Epoch 59 MSE: 0.0010387799702584743
Epoch 59 val RMSE: 0.5418628710189007
Best model saved at epoch 59 with Test RMSE: 0.5418628710189007
Epoch 60 MSE: 0.0010736158583313227
Epoch 60 val RMSE: 0.5461405590772077
Epoch 61 MSE: 0.0010122708044946194
Epoch 61 val RMSE: 0.5581972008424813
Epoch 62 MSE: 0.0009810831397771835
Epoch 62 val RMSE: 0.5693795921902598
Epoch 63 MSE: 0.0010051174322143197
Epoch 63 val RMSE: 0.5612253210423424
Epoch 64 MSE: 0.0009718959918245673
Epoch 64 val RMSE: 0.5360996812821978
Best model saved at epoch 64 with Test RMSE: 0.5360996812821978
Epoch 65 MSE: 0.0009271980379708111
Epoch 65 val RMSE: 0.5189842844073923
Best model saved at epoch 65 with Test RMSE: 0.5189842844073923
Epoch 66 MSE: 0.0009380808915011585
Epoch 66 val RMSE: 0.513568127964691
Best model saved at epoch 66 with Test RMSE: 0.513568127964691
Epoch 67 MSE: 0.0009255042532458901
Epoch 67 val RMSE: 0.5132370185083676
Best model saved at epoch 67 with Test RMSE: 0.5132370185083676
Epoch 68 MSE: 0.0008840046357363462
Epoch 68 val RMSE: 0.5178024957274034
Epoch 69 MSE: 0.0008919598185457289
Epoch 69 val RMSE: 0.5131740986592603
Best model saved at epoch 69 with Test RMSE: 0.5131740986592603
Epoch 70 MSE: 0.0008916775695979595
Epoch 70 val RMSE: 0.4971420895778238
Best model saved at epoch 70 with Test RMSE: 0.4971420895778238
Epoch 71 MSE: 0.0008595071267336607
Epoch 71 val RMSE: 0.48662348284853557
Best model saved at epoch 71 with Test RMSE: 0.48662348284853557
Epoch 72 MSE: 0.0008654208504594862
Epoch 72 val RMSE: 0.4819929865113151
Best model saved at epoch 72 with Test RMSE: 0.4819929865113151
Epoch 73 MSE: 0.0008655848214402795
Epoch 73 val RMSE: 0.48139308003874903
Best model saved at epoch 73 with Test RMSE: 0.48139308003874903
Epoch 74 MSE: 0.0008404136169701815
Epoch 74 val RMSE: 0.4866196092081133
Epoch 75 MSE: 0.0008404883556067944
Epoch 75 val RMSE: 0.4869635999370884
Epoch 76 MSE: 0.0008384411921724677
Epoch 76 val RMSE: 0.47969655267579336
Best model saved at epoch 76 with Test RMSE: 0.47969655267579336
Epoch 77 MSE: 0.0008184655453078449
Epoch 77 val RMSE: 0.4729649032522037
Best model saved at epoch 77 with Test RMSE: 0.4729649032522037
Epoch 78 MSE: 0.0008153400849550962
Epoch 78 val RMSE: 0.4699943080770495
Best model saved at epoch 78 with Test RMSE: 0.4699943080770495
Epoch 79 MSE: 0.000813557009678334
Epoch 79 val RMSE: 0.47230584578340123
Epoch 80 MSE: 0.0007979124784469604
Epoch 80 val RMSE: 0.47734341972576894
Epoch 81 MSE: 0.0007947475533001125
Epoch 81 val RMSE: 0.4773434821594785
Epoch 82 MSE: 0.0007931761792860925
Epoch 82 val RMSE: 0.4706186242450599
Epoch 83 MSE: 0.0007796671707183123
Epoch 83 val RMSE: 0.4630278532814096
Best model saved at epoch 83 with Test RMSE: 0.4630278532814096
Epoch 84 MSE: 0.0007770239026285708
Epoch 84 val RMSE: 0.459311088994831
Best model saved at epoch 84 with Test RMSE: 0.459311088994831
Epoch 85 MSE: 0.0007733231759630144
Epoch 85 val RMSE: 0.45964784758474764
Epoch 86 MSE: 0.0007620108081027865
Epoch 86 val RMSE: 0.4609073208773116
Epoch 87 MSE: 0.0007591791800223291
Epoch 87 val RMSE: 0.4583198606793992
Best model saved at epoch 87 with Test RMSE: 0.4583198606793992
Epoch 88 MSE: 0.000754616572521627
Epoch 88 val RMSE: 0.45110069473042286
Best model saved at epoch 88 with Test RMSE: 0.45110069473042286
Epoch 89 MSE: 0.0007459114422090352
Epoch 89 val RMSE: 0.4444548060116667
Best model saved at epoch 89 with Test RMSE: 0.4444548060116667
Epoch 90 MSE: 0.0007433067075908184
Epoch 90 val RMSE: 0.44148754957816566
Best model saved at epoch 90 with Test RMSE: 0.44148754957816566
Epoch 91 MSE: 0.0007392135448753834
Epoch 91 val RMSE: 0.4413651472551446
Best model saved at epoch 91 with Test RMSE: 0.4413651472551446
Epoch 92 MSE: 0.0007321751909330487
Epoch 92 val RMSE: 0.44194264861258237
Epoch 93 MSE: 0.0007299944409169257
Epoch 93 val RMSE: 0.4395356333948319
Best model saved at epoch 93 with Test RMSE: 0.4395356333948319
Epoch 94 MSE: 0.0007254049996845424
Epoch 94 val RMSE: 0.43479555272058157
Best model saved at epoch 94 with Test RMSE: 0.43479555272058157
Epoch 95 MSE: 0.0007192998891696334
Epoch 95 val RMSE: 0.4314306102093692
Best model saved at epoch 95 with Test RMSE: 0.4314306102093692
Epoch 96 MSE: 0.0007167414878495038
Epoch 96 val RMSE: 0.4305683989899434
Best model saved at epoch 96 with Test RMSE: 0.4305683989899434
Epoch 97 MSE: 0.0007114263135008514
Epoch 97 val RMSE: 0.4318379085086888
Epoch 98 MSE: 0.0007062696386128664
Epoch 98 val RMSE: 0.43251437651163005
Epoch 99 MSE: 0.0007031365530565381
Epoch 99 val RMSE: 0.43042553028730524
Best model saved at epoch 99 with Test RMSE: 0.43042553028730524
Epoch 100 MSE: 0.0006979746976867318
Epoch 100 val RMSE: 0.4271684674179029
Best model saved at epoch 100 with Test RMSE: 0.4271684674179029
Epoch 101 MSE: 0.0006935203564353287
Epoch 101 val RMSE: 0.4250946458446595
Best model saved at epoch 101 with Test RMSE: 0.4250946458446595
Epoch 102 MSE: 0.0006902492023073137
Epoch 102 val RMSE: 0.42499008517761355
Best model saved at epoch 102 with Test RMSE: 0.42499008517761355
Epoch 103 MSE: 0.0006852283840999007
Epoch 103 val RMSE: 0.42554456799482154
Epoch 104 MSE: 0.0006813854561187327
Epoch 104 val RMSE: 0.4245262022423854
Best model saved at epoch 104 with Test RMSE: 0.4245262022423854
Epoch 105 MSE: 0.0006777211674489081
Epoch 105 val RMSE: 0.42151962429849804
Best model saved at epoch 105 with Test RMSE: 0.42151962429849804
Epoch 106 MSE: 0.0006729477900080383
Epoch 106 val RMSE: 0.41841159070847544
Best model saved at epoch 106 with Test RMSE: 0.41841159070847544
Epoch 107 MSE: 0.0006694205803796649
Epoch 107 val RMSE: 0.4167865898486432
Best model saved at epoch 107 with Test RMSE: 0.4167865898486432
Epoch 108 MSE: 0.0006654109456576407
Epoch 108 val RMSE: 0.4163493040556604
Best model saved at epoch 108 with Test RMSE: 0.4163493040556604
Epoch 109 MSE: 0.0006611280841752887
Epoch 109 val RMSE: 0.41568798720842143
Best model saved at epoch 109 with Test RMSE: 0.41568798720842143
Epoch 110 MSE: 0.0006576799205504358
Epoch 110 val RMSE: 0.4136403288803623
Best model saved at epoch 110 with Test RMSE: 0.4136403288803623
Epoch 111 MSE: 0.0006536307628266513
Epoch 111 val RMSE: 0.4109730716002677
Best model saved at epoch 111 with Test RMSE: 0.4109730716002677
Epoch 112 MSE: 0.0006497029680758715
Epoch 112 val RMSE: 0.40916146030661615
Best model saved at epoch 112 with Test RMSE: 0.40916146030661615
Epoch 113 MSE: 0.0006462172023020685
Epoch 113 val RMSE: 0.40850103723214554
Best model saved at epoch 113 with Test RMSE: 0.40850103723214554
Epoch 114 MSE: 0.0006420802092179656
Epoch 114 val RMSE: 0.40833316903532707
Best model saved at epoch 114 with Test RMSE: 0.40833316903532707
Epoch 115 MSE: 0.0006384149310179055
Epoch 115 val RMSE: 0.4074353750740789
Best model saved at epoch 115 with Test RMSE: 0.4074353750740789
Epoch 116 MSE: 0.0006346443551592529
Epoch 116 val RMSE: 0.4056932412215691
Best model saved at epoch 116 with Test RMSE: 0.4056932412215691
Epoch 117 MSE: 0.000630624417681247
Epoch 117 val RMSE: 0.4041175260197824
Best model saved at epoch 117 with Test RMSE: 0.4041175260197824
Epoch 118 MSE: 0.0006269858567975461
Epoch 118 val RMSE: 0.4034220126228005
Best model saved at epoch 118 with Test RMSE: 0.4034220126228005
Epoch 119 MSE: 0.0006230946164578199
Epoch 119 val RMSE: 0.40332361917317877
Best model saved at epoch 119 with Test RMSE: 0.40332361917317877
Epoch 120 MSE: 0.0006192324799485505
Epoch 120 val RMSE: 0.4027780207636893
Best model saved at epoch 120 with Test RMSE: 0.4027780207636893
Epoch 121 MSE: 0.000615579541772604
Epoch 121 val RMSE: 0.4013236363304551
Best model saved at epoch 121 with Test RMSE: 0.4013236363304551
Epoch 122 MSE: 0.0006116313743405044
Epoch 122 val RMSE: 0.39965400856720446
Best model saved at epoch 122 with Test RMSE: 0.39965400856720446
Epoch 123 MSE: 0.0006079068407416344
Epoch 123 val RMSE: 0.39857179585001423
Best model saved at epoch 123 with Test RMSE: 0.39857179585001423
Epoch 124 MSE: 0.0006040932494215667
Epoch 124 val RMSE: 0.3979958536169306
Best model saved at epoch 124 with Test RMSE: 0.3979958536169306
Epoch 125 MSE: 0.0006001885631121695
Epoch 125 val RMSE: 0.39721201382074356
Best model saved at epoch 125 with Test RMSE: 0.39721201382074356
Epoch 126 MSE: 0.0005964250303804874
Epoch 126 val RMSE: 0.39575854230663177
Best model saved at epoch 126 with Test RMSE: 0.39575854230663177
Epoch 127 MSE: 0.0005924996803514659
Epoch 127 val RMSE: 0.3940604961141629
Best model saved at epoch 127 with Test RMSE: 0.3940604961141629
Epoch 128 MSE: 0.0005886164144612849
Epoch 128 val RMSE: 0.3927575266084706
Best model saved at epoch 128 with Test RMSE: 0.3927575266084706
Epoch 129 MSE: 0.0005847511347383261
Epoch 129 val RMSE: 0.39193083887001245
Best model saved at epoch 129 with Test RMSE: 0.39193083887001245
Epoch 130 MSE: 0.0005807556444779038
Epoch 130 val RMSE: 0.39115478828768413
Best model saved at epoch 130 with Test RMSE: 0.39115478828768413
Epoch 131 MSE: 0.0005768476985394955
Epoch 131 val RMSE: 0.3899772041028639
Best model saved at epoch 131 with Test RMSE: 0.3899772041028639
Epoch 132 MSE: 0.0005728228134103119
Epoch 132 val RMSE: 0.38856708129862216
Best model saved at epoch 132 with Test RMSE: 0.38856708129862216
Epoch 133 MSE: 0.0005687720258720219
Epoch 133 val RMSE: 0.38742907628764656
Best model saved at epoch 133 with Test RMSE: 0.38742907628764656
Epoch 134 MSE: 0.0005647178622893989
Epoch 134 val RMSE: 0.386742292516013
Best model saved at epoch 134 with Test RMSE: 0.386742292516013
Epoch 135 MSE: 0.0005605435580946505
Epoch 135 val RMSE: 0.38612833131419466
Best model saved at epoch 135 with Test RMSE: 0.38612833131419466
Epoch 136 MSE: 0.0005563895683735609
Epoch 136 val RMSE: 0.3851635613047363
Best model saved at epoch 136 with Test RMSE: 0.3851635613047363
Epoch 137 MSE: 0.000552140292711556
Epoch 137 val RMSE: 0.3839785081603423
Best model saved at epoch 137 with Test RMSE: 0.3839785081603423
Epoch 138 MSE: 0.0005478451494127512
Epoch 138 val RMSE: 0.3829933245465571
Best model saved at epoch 138 with Test RMSE: 0.3829933245465571
Epoch 139 MSE: 0.0005435239872895181
Epoch 139 val RMSE: 0.38228011577247406
Best model saved at epoch 139 with Test RMSE: 0.38228011577247406
Epoch 140 MSE: 0.0005391175509430468
Epoch 140 val RMSE: 0.3815479216731349
Best model saved at epoch 140 with Test RMSE: 0.3815479216731349
Epoch 141 MSE: 0.0005347099504433572
Epoch 141 val RMSE: 0.3805486927995395
Best model saved at epoch 141 with Test RMSE: 0.3805486927995395
Epoch 142 MSE: 0.0005302502540871501
Epoch 142 val RMSE: 0.3793841818400684
Best model saved at epoch 142 with Test RMSE: 0.3793841818400684
Epoch 143 MSE: 0.0005257799639366567
Epoch 143 val RMSE: 0.3783203392836247
Best model saved at epoch 143 with Test RMSE: 0.3783203392836247
Epoch 144 MSE: 0.000521330104675144
Epoch 144 val RMSE: 0.37745810566783106
Best model saved at epoch 144 with Test RMSE: 0.37745810566783106
Epoch 145 MSE: 0.0005168798961676657
Epoch 145 val RMSE: 0.37662189141910946
Best model saved at epoch 145 with Test RMSE: 0.37662189141910946
Epoch 146 MSE: 0.0005124837625771761
Epoch 146 val RMSE: 0.37558797596712035
Best model saved at epoch 146 with Test RMSE: 0.37558797596712035
Epoch 147 MSE: 0.0005080960690975189
Epoch 147 val RMSE: 0.37445676716259474
Best model saved at epoch 147 with Test RMSE: 0.37445676716259474
Epoch 148 MSE: 0.0005037202499806881
Epoch 148 val RMSE: 0.37349979008818096
Best model saved at epoch 148 with Test RMSE: 0.37349979008818096
Epoch 149 MSE: 0.0004993174225091934
Epoch 149 val RMSE: 0.3727342983702319
Best model saved at epoch 149 with Test RMSE: 0.3727342983702319
Epoch 150 MSE: 0.0004948291461914778
Epoch 150 val RMSE: 0.37194736081235824
Best model saved at epoch 150 with Test RMSE: 0.37194736081235824
Epoch 151 MSE: 0.00049024069448933
Epoch 151 val RMSE: 0.37104672585746734
Best model saved at epoch 151 with Test RMSE: 0.37104672585746734
Epoch 152 MSE: 0.0004855086444877088
Epoch 152 val RMSE: 0.37014746227597684
Best model saved at epoch 152 with Test RMSE: 0.37014746227597684
Epoch 153 MSE: 0.0004806662327609956
Epoch 153 val RMSE: 0.36935719187323834
Best model saved at epoch 153 with Test RMSE: 0.36935719187323834
Epoch 154 MSE: 0.000475741398986429
Epoch 154 val RMSE: 0.36865990233093515
Best model saved at epoch 154 with Test RMSE: 0.36865990233093515
Epoch 155 MSE: 0.0004707931075245142
Epoch 155 val RMSE: 0.3679167222742634
Best model saved at epoch 155 with Test RMSE: 0.3679167222742634
Epoch 156 MSE: 0.00046588570694439113
Epoch 156 val RMSE: 0.3670308204930936
Best model saved at epoch 156 with Test RMSE: 0.3670308204930936
Epoch 157 MSE: 0.00046104422654025257
Epoch 157 val RMSE: 0.36611776565406146
Best model saved at epoch 157 with Test RMSE: 0.36611776565406146
Epoch 158 MSE: 0.0004562946269288659
Epoch 158 val RMSE: 0.3653031146799379
Best model saved at epoch 158 with Test RMSE: 0.3653031146799379
Epoch 159 MSE: 0.00045160262379795313
Epoch 159 val RMSE: 0.36450371099867057
Best model saved at epoch 159 with Test RMSE: 0.36450371099867057
Epoch 160 MSE: 0.00044694432290270925
Epoch 160 val RMSE: 0.3636103134415279
Best model saved at epoch 160 with Test RMSE: 0.3636103134415279
Epoch 161 MSE: 0.00044227909529581666
Epoch 161 val RMSE: 0.3626738977966263
Best model saved at epoch 161 with Test RMSE: 0.3626738977966263
Epoch 162 MSE: 0.0004375848511699587
Epoch 162 val RMSE: 0.36178864695616936
Best model saved at epoch 162 with Test RMSE: 0.36178864695616936
Epoch 163 MSE: 0.00043287043808959424
Epoch 163 val RMSE: 0.3609899226840047
Best model saved at epoch 163 with Test RMSE: 0.3609899226840047
Epoch 164 MSE: 0.0004281596338842064
Epoch 164 val RMSE: 0.3602429771678589
Best model saved at epoch 164 with Test RMSE: 0.3602429771678589
Epoch 165 MSE: 0.0004235084052197635
Epoch 165 val RMSE: 0.3594746036989768
Best model saved at epoch 165 with Test RMSE: 0.3594746036989768
Epoch 166 MSE: 0.00041895449976436794
Epoch 166 val RMSE: 0.35873287302930074
Best model saved at epoch 166 with Test RMSE: 0.35873287302930074
Epoch 167 MSE: 0.0004145232087466866
Epoch 167 val RMSE: 0.35810530313779787
Best model saved at epoch 167 with Test RMSE: 0.35810530313779787
Epoch 168 MSE: 0.0004101956728845835
Epoch 168 val RMSE: 0.3575407153732886
Best model saved at epoch 168 with Test RMSE: 0.3575407153732886
Epoch 169 MSE: 0.00040594194433651865
Epoch 169 val RMSE: 0.35697314751638165
Best model saved at epoch 169 with Test RMSE: 0.35697314751638165
Epoch 170 MSE: 0.0004017391474917531
Epoch 170 val RMSE: 0.3563949967497146
Best model saved at epoch 170 with Test RMSE: 0.3563949967497146
Epoch 171 MSE: 0.0003975887084379792
Epoch 171 val RMSE: 0.3558141267150649
Best model saved at epoch 171 with Test RMSE: 0.3558141267150649
Epoch 172 MSE: 0.00039352430030703545
Epoch 172 val RMSE: 0.35526162705128805
Best model saved at epoch 172 with Test RMSE: 0.35526162705128805
Epoch 173 MSE: 0.0003895795380230993
Epoch 173 val RMSE: 0.35468774451024704
Best model saved at epoch 173 with Test RMSE: 0.35468774451024704
Epoch 174 MSE: 0.00038578154635615647
Epoch 174 val RMSE: 0.3540391786037524
Best model saved at epoch 174 with Test RMSE: 0.3540391786037524
Epoch 175 MSE: 0.0003821274440269917
Epoch 175 val RMSE: 0.3533737466956557
Best model saved at epoch 175 with Test RMSE: 0.3533737466956557
Epoch 176 MSE: 0.0003786033485084772
Epoch 176 val RMSE: 0.3527159313225483
Best model saved at epoch 176 with Test RMSE: 0.3527159313225483
Epoch 177 MSE: 0.0003751931362785399
Epoch 177 val RMSE: 0.35207669484164555
Best model saved at epoch 177 with Test RMSE: 0.35207669484164555
Epoch 178 MSE: 0.0003718955267686397
Epoch 178 val RMSE: 0.35144561307952976
Best model saved at epoch 178 with Test RMSE: 0.35144561307952976
Epoch 179 MSE: 0.0003687227435875684
Epoch 179 val RMSE: 0.35081519066767436
Best model saved at epoch 179 with Test RMSE: 0.35081519066767436
Epoch 180 MSE: 0.0003656884946394712
Epoch 180 val RMSE: 0.3502497641870983
Best model saved at epoch 180 with Test RMSE: 0.3502497641870983
Epoch 181 MSE: 0.0003627990954555571
Epoch 181 val RMSE: 0.3497295599282459
Best model saved at epoch 181 with Test RMSE: 0.3497295599282459
Epoch 182 MSE: 0.0003600499767344445
Epoch 182 val RMSE: 0.34924183071592624
Best model saved at epoch 182 with Test RMSE: 0.34924183071592624
Epoch 183 MSE: 0.00035743199987336993
Epoch 183 val RMSE: 0.34875683755563824
Best model saved at epoch 183 with Test RMSE: 0.34875683755563824
Epoch 184 MSE: 0.0003549337270669639
Epoch 184 val RMSE: 0.3482749234665016
Best model saved at epoch 184 with Test RMSE: 0.3482749234665016
Epoch 185 MSE: 0.0003525499487295747
Epoch 185 val RMSE: 0.34780704785346833
Best model saved at epoch 185 with Test RMSE: 0.34780704785346833
Epoch 186 MSE: 0.0003502772015053779
Epoch 186 val RMSE: 0.347304841649604
Best model saved at epoch 186 with Test RMSE: 0.347304841649604
Epoch 187 MSE: 0.00034811205114237964
Epoch 187 val RMSE: 0.346773215559094
Best model saved at epoch 187 with Test RMSE: 0.346773215559094
Epoch 188 MSE: 0.00034605024848133326
Epoch 188 val RMSE: 0.34617926787495407
Best model saved at epoch 188 with Test RMSE: 0.34617926787495407
Epoch 189 MSE: 0.000344086904078722
Epoch 189 val RMSE: 0.34559184508622653
Best model saved at epoch 189 with Test RMSE: 0.34559184508622653
Epoch 190 MSE: 0.0003422150039114058
Epoch 190 val RMSE: 0.3449437697169615
Best model saved at epoch 190 with Test RMSE: 0.3449437697169615
Epoch 191 MSE: 0.0003404293966013938
Epoch 191 val RMSE: 0.3443331648552148
Best model saved at epoch 191 with Test RMSE: 0.3443331648552148
Epoch 192 MSE: 0.000338724727043882
Epoch 192 val RMSE: 0.34362024329144847
Best model saved at epoch 192 with Test RMSE: 0.34362024329144847
Epoch 193 MSE: 0.00033709919080138206
Epoch 193 val RMSE: 0.3430750354145268
Best model saved at epoch 193 with Test RMSE: 0.3430750354145268
Epoch 194 MSE: 0.0003355511580593884
Epoch 194 val RMSE: 0.34229242640894886
Best model saved at epoch 194 with Test RMSE: 0.34229242640894886
Epoch 195 MSE: 0.0003340984112583101
Epoch 195 val RMSE: 0.3419851275139588
Best model saved at epoch 195 with Test RMSE: 0.3419851275139588
Epoch 196 MSE: 0.00033280145726166666
Epoch 196 val RMSE: 0.3408532987442533
Best model saved at epoch 196 with Test RMSE: 0.3408532987442533
Epoch 197 MSE: 0.0003319355600979179
Epoch 197 val RMSE: 0.3413756035988331
Epoch 198 MSE: 0.00033257584436796606
Epoch 198 val RMSE: 0.33892516154193736
Best model saved at epoch 198 with Test RMSE: 0.33892516154193736
Epoch 199 MSE: 0.0003394565428607166
Epoch 199 val RMSE: 0.34348096940367356
Epoch 200 MSE: 0.0003735042118933052
Epoch 200 val RMSE: 0.3381372224463713
Best model saved at epoch 200 with Test RMSE: 0.3381372224463713
Epoch 201 MSE: 0.0005317492759786546
Epoch 201 val RMSE: 0.37390272219341075
Epoch 202 MSE: 0.00121616933029145
Epoch 202 val RMSE: 0.3960649122465986
Epoch 203 MSE: 0.003611378138884902
Epoch 203 val RMSE: 0.5497323457815811
Epoch 204 MSE: 0.005826361011713743
Epoch 204 val RMSE: 0.4022931187447264
Epoch 205 MSE: 0.002631515497341752
Epoch 205 val RMSE: 0.3711452448402441
Epoch 206 MSE: 0.0017583250300958753
Epoch 206 val RMSE: 0.46465629516474094
Epoch 207 MSE: 0.002053207950666547
Epoch 207 val RMSE: 0.40846041734023636
Epoch 208 MSE: 0.0013305172324180603
Epoch 208 val RMSE: 0.5184219104154371
Epoch 209 MSE: 0.001496947486884892
Epoch 209 val RMSE: 0.3825157533468322
Epoch 210 MSE: 0.0013641330879181623
Epoch 210 val RMSE: 0.43294746759614394
Epoch 211 MSE: 0.0009847000474110246
Epoch 211 val RMSE: 0.43918063722728495
Epoch 212 MSE: 0.0013710615457966924
Epoch 212 val RMSE: 0.40351702162730796
Epoch 213 MSE: 0.0007137450156733394
Epoch 213 val RMSE: 0.4814727651572626
Epoch 214 MSE: 0.0012754009803757071
Epoch 214 val RMSE: 0.3437490463243607
Epoch 215 MSE: 0.0006772829219698906
Epoch 215 val RMSE: 0.44482962880367294
Epoch 216 MSE: 0.0009925400372594595
Epoch 216 val RMSE: 0.41067125594077164
Epoch 217 MSE: 0.0008606818737462163
Epoch 217 val RMSE: 0.38413669285479185
Epoch 218 MSE: 0.0006014936370775104
Epoch 218 val RMSE: 0.4567075708034486
Epoch 219 MSE: 0.000952266447711736
Epoch 219 val RMSE: 0.35674893759854653
Epoch 220 MSE: 0.0004936317563988268
Epoch 220 val RMSE: 0.4093192324618384
Epoch 221 MSE: 0.0007532306481152773
Epoch 221 val RMSE: 0.3967728903969082
Epoch 222 MSE: 0.0006640014471486211
Epoch 222 val RMSE: 0.38949528411439216
Epoch 223 MSE: 0.00047934555914252996
Epoch 223 val RMSE: 0.45370434851917774
Epoch 224 MSE: 0.0007422874914482236
Epoch 224 val RMSE: 0.376728761936274
Epoch 225 MSE: 0.00044117579818703234
Epoch 225 val RMSE: 0.3876720777030367
Epoch 226 MSE: 0.0005884707206860185
Epoch 226 val RMSE: 0.3861920401532722
Epoch 227 MSE: 0.0005642376490868628
Epoch 227 val RMSE: 0.3740543123654196
Epoch 228 MSE: 0.00041244958993047476
Epoch 228 val RMSE: 0.41681849773059754
Epoch 229 MSE: 0.000584754510782659
Epoch 229 val RMSE: 0.37239899222717
Epoch 230 MSE: 0.0004180982941761613
Epoch 230 val RMSE: 0.3695861307889109
Epoch 231 MSE: 0.0004674355441238731
Epoch 231 val RMSE: 0.3751746803977298
Epoch 232 MSE: 0.0004998809308744967
Epoch 232 val RMSE: 0.3597567438112512
Epoch 233 MSE: 0.00038260495057329535
Epoch 233 val RMSE: 0.38976635977010005
Epoch 234 MSE: 0.0004805701901204884
Epoch 234 val RMSE: 0.37334835393028576
Epoch 235 MSE: 0.00040982835344038904
Epoch 235 val RMSE: 0.360311779937951
Epoch 236 MSE: 0.00039580027805641294
Epoch 236 val RMSE: 0.3669701805642353
Epoch 237 MSE: 0.00044395640725269914
Epoch 237 val RMSE: 0.3594868941882644
Epoch 238 MSE: 0.00036618660669773817
Epoch 238 val RMSE: 0.3813029909047122
Epoch 239 MSE: 0.00040917418664321303
Epoch 239 val RMSE: 0.37825396521709276
Epoch 240 MSE: 0.00039473501965403557
Epoch 240 val RMSE: 0.35960184069921924
Epoch 241 MSE: 0.0003627095720730722
Epoch 241 val RMSE: 0.3606721852471476
Epoch 242 MSE: 0.0004016626626253128
Epoch 242 val RMSE: 0.3559930309620778
Epoch 243 MSE: 0.00036041546263732016
Epoch 243 val RMSE: 0.36636684913509815
Epoch 244 MSE: 0.00036922888830304146
Epoch 244 val RMSE: 0.3683071718411522
Epoch 245 MSE: 0.00037655417690984905
Epoch 245 val RMSE: 0.35368050371130505
Epoch 246 MSE: 0.00034718355163931847
Epoch 246 val RMSE: 0.3518921578087941
Epoch 247 MSE: 0.0003690542944241315
Epoch 247 val RMSE: 0.3484231548178902
Epoch 248 MSE: 0.00035340708564035594
Epoch 248 val RMSE: 0.3512339646354711
Epoch 249 MSE: 0.0003469155926723033
Epoch 249 val RMSE: 0.35588824493179105
Epoch 250 MSE: 0.0003584517980925739
Epoch 250 val RMSE: 0.34824012631647683
Epoch 251 MSE: 0.00033905458985827863
Epoch 251 val RMSE: 0.3456427850165593
Epoch 252 MSE: 0.0003462448948994279
Epoch 252 val RMSE: 0.34413492802073153
Epoch 253 MSE: 0.00034306891029700637
Epoch 253 val RMSE: 0.3450960767039353
Epoch 254 MSE: 0.0003329350147396326
Epoch 254 val RMSE: 0.3501290130405681
Epoch 255 MSE: 0.00034075285657308996
Epoch 255 val RMSE: 0.34645912783736754
Epoch 256 MSE: 0.0003310930042061955
Epoch 256 val RMSE: 0.3426795135233917
Epoch 257 MSE: 0.0003311765904072672
Epoch 257 val RMSE: 0.3412151727266155
Epoch 258 MSE: 0.0003325490979477763
Epoch 258 val RMSE: 0.3410021889607937
Epoch 259 MSE: 0.00032496548374183476
Epoch 259 val RMSE: 0.34406766518605814
Epoch 260 MSE: 0.00032844205270521343
Epoch 260 val RMSE: 0.34204240971566363
Epoch 261 MSE: 0.00032444551470689476
Epoch 261 val RMSE: 0.33828104208572024
Epoch 262 MSE: 0.00032204025774262846
Epoch 262 val RMSE: 0.336439755264425
Best model saved at epoch 262 with Test RMSE: 0.336439755264425
Epoch 263 MSE: 0.0003235898620914668
Epoch 263 val RMSE: 0.3353205493767875
Best model saved at epoch 263 with Test RMSE: 0.3353205493767875
Epoch 264 MSE: 0.0003190092393197119
Epoch 264 val RMSE: 0.3367357307276867
Epoch 265 MSE: 0.00031975278398022056
Epoch 265 val RMSE: 0.33607043364093653
Epoch 266 MSE: 0.0003184163069818169
Epoch 266 val RMSE: 0.33358226238188093
Best model saved at epoch 266 with Test RMSE: 0.33358226238188093
Epoch 267 MSE: 0.00031591206789016724
Epoch 267 val RMSE: 0.33209933536549757
Best model saved at epoch 267 with Test RMSE: 0.33209933536549757
Epoch 268 MSE: 0.0003166601818520576
Epoch 268 val RMSE: 0.33118112225860774
Best model saved at epoch 268 with Test RMSE: 0.33118112225860774
Epoch 269 MSE: 0.00031415795092470944
Epoch 269 val RMSE: 0.33212631211113164
Epoch 270 MSE: 0.0003135872830171138
Epoch 270 val RMSE: 0.3322681143116037
Epoch 271 MSE: 0.00031314347870647907
Epoch 271 val RMSE: 0.33061061321246443
Best model saved at epoch 271 with Test RMSE: 0.33061061321246443
Epoch 272 MSE: 0.00031127865076996386
Epoch 272 val RMSE: 0.3292149085394214
Best model saved at epoch 272 with Test RMSE: 0.3292149085394214
Epoch 273 MSE: 0.00031136770849116147
Epoch 273 val RMSE: 0.32837720669621
Best model saved at epoch 273 with Test RMSE: 0.32837720669621
Epoch 274 MSE: 0.00031015436979942024
Epoch 274 val RMSE: 0.32882620048005085
Epoch 275 MSE: 0.000309278053464368
Epoch 275 val RMSE: 0.3289235706253928
Epoch 276 MSE: 0.0003090353566221893
Epoch 276 val RMSE: 0.32756176928413405
Best model saved at epoch 276 with Test RMSE: 0.32756176928413405
Epoch 277 MSE: 0.0003077868022955954
Epoch 277 val RMSE: 0.32611372423618834
Best model saved at epoch 277 with Test RMSE: 0.32611372423618834
Epoch 278 MSE: 0.0003074247797485441
Epoch 278 val RMSE: 0.32516128774440506
Best model saved at epoch 278 with Test RMSE: 0.32516128774440506
Epoch 279 MSE: 0.0003067708166781813
Epoch 279 val RMSE: 0.3251708196174073
Epoch 280 MSE: 0.00030590163078159094
Epoch 280 val RMSE: 0.3251813708000294
Epoch 281 MSE: 0.0003056437417399138
Epoch 281 val RMSE: 0.32422887257779553
Best model saved at epoch 281 with Test RMSE: 0.32422887257779553
Epoch 282 MSE: 0.0003048478392884135
Epoch 282 val RMSE: 0.3230487555895385
Best model saved at epoch 282 with Test RMSE: 0.3230487555895385
Epoch 283 MSE: 0.0003043484757654369
Epoch 283 val RMSE: 0.3222561343558421
Best model saved at epoch 283 with Test RMSE: 0.3222561343558421
Epoch 284 MSE: 0.00030396442161872983
Epoch 284 val RMSE: 0.32222161425998125
Best model saved at epoch 284 with Test RMSE: 0.32222161425998125
Epoch 285 MSE: 0.0003032284730579704
Epoch 285 val RMSE: 0.3223006373950705
Epoch 286 MSE: 0.00030293440795503557
Epoch 286 val RMSE: 0.321664376464821
Best model saved at epoch 286 with Test RMSE: 0.321664376464821
Epoch 287 MSE: 0.00030238216277211905
Epoch 287 val RMSE: 0.32069096652551105
Best model saved at epoch 287 with Test RMSE: 0.32069096652551105
Epoch 288 MSE: 0.0003018677525687963
Epoch 288 val RMSE: 0.3199888431757372
Best model saved at epoch 288 with Test RMSE: 0.3199888431757372
Epoch 289 MSE: 0.000301586085697636
Epoch 289 val RMSE: 0.31985775138424644
Best model saved at epoch 289 with Test RMSE: 0.31985775138424644
Epoch 290 MSE: 0.0003009882930200547
Epoch 290 val RMSE: 0.31980590767893813
Best model saved at epoch 290 with Test RMSE: 0.31980590767893813
Epoch 291 MSE: 0.0003006942861247808
Epoch 291 val RMSE: 0.31919026916689036
Best model saved at epoch 291 with Test RMSE: 0.31919026916689036
Epoch 292 MSE: 0.00030027510365471244
Epoch 292 val RMSE: 0.31824394192814287
Best model saved at epoch 292 with Test RMSE: 0.31824394192814287
Epoch 293 MSE: 0.00029980740509927273
Epoch 293 val RMSE: 0.3175132366109551
Best model saved at epoch 293 with Test RMSE: 0.3175132366109551
Epoch 294 MSE: 0.0002995571994688362
Epoch 294 val RMSE: 0.3172415903320524
Best model saved at epoch 294 with Test RMSE: 0.3172415903320524
Epoch 295 MSE: 0.00029905850533396006
Epoch 295 val RMSE: 0.31706060633666294
Best model saved at epoch 295 with Test RMSE: 0.31706060633666294
Epoch 296 MSE: 0.000298775703413412
Epoch 296 val RMSE: 0.3164935521377478
Best model saved at epoch 296 with Test RMSE: 0.3164935521377478
Epoch 297 MSE: 0.0002984181046485901
Epoch 297 val RMSE: 0.3156811919094714
Best model saved at epoch 297 with Test RMSE: 0.3156811919094714
Epoch 298 MSE: 0.0002980132994707674
Epoch 298 val RMSE: 0.31506538021040187
Best model saved at epoch 298 with Test RMSE: 0.31506538021040187
Epoch 299 MSE: 0.0002977697004098445
Epoch 299 val RMSE: 0.3148280094840769
Best model saved at epoch 299 with Test RMSE: 0.3148280094840769
Epoch 300 MSE: 0.00029734274721704423
Epoch 300 val RMSE: 0.31466955236036803
Best model saved at epoch 300 with Test RMSE: 0.31466955236036803
Epoch 301 MSE: 0.00029707240173593163
Epoch 301 val RMSE: 0.3142171056923507
Best model saved at epoch 301 with Test RMSE: 0.3142171056923507
Epoch 302 MSE: 0.0002967379114124924
Epoch 302 val RMSE: 0.31356262499232895
Best model saved at epoch 302 with Test RMSE: 0.31356262499232895
Epoch 303 MSE: 0.0002963840961456299
Epoch 303 val RMSE: 0.31306143633280414
Best model saved at epoch 303 with Test RMSE: 0.31306143633280414
Epoch 304 MSE: 0.00029613159131258726
Epoch 304 val RMSE: 0.31283927619958146
Best model saved at epoch 304 with Test RMSE: 0.31283927619958146
Epoch 305 MSE: 0.00029575833468697965
Epoch 305 val RMSE: 0.3126410285298515
Best model saved at epoch 305 with Test RMSE: 0.3126410285298515
Epoch 306 MSE: 0.0002954989322461188
Epoch 306 val RMSE: 0.3121853436385058
Best model saved at epoch 306 with Test RMSE: 0.3121853436385058
Epoch 307 MSE: 0.0002951806236524135
Epoch 307 val RMSE: 0.311564894162911
Best model saved at epoch 307 with Test RMSE: 0.311564894162911
Epoch 308 MSE: 0.00029486799030564725
Epoch 308 val RMSE: 0.3110720314671826
Best model saved at epoch 308 with Test RMSE: 0.3110720314671826
Epoch 309 MSE: 0.0002946048625744879
Epoch 309 val RMSE: 0.3107895892306046
Best model saved at epoch 309 with Test RMSE: 0.3107895892306046
Epoch 310 MSE: 0.0002942708961199969
Epoch 310 val RMSE: 0.31050699805698656
Best model saved at epoch 310 with Test RMSE: 0.31050699805698656
Epoch 311 MSE: 0.0002940133272204548
Epoch 311 val RMSE: 0.3100292882812068
Best model saved at epoch 311 with Test RMSE: 0.3100292882812068
Epoch 312 MSE: 0.00029370648553594947
Epoch 312 val RMSE: 0.3094530936618896
Best model saved at epoch 312 with Test RMSE: 0.3094530936618896
Epoch 313 MSE: 0.0002934214717242867
Epoch 313 val RMSE: 0.3090062703936189
Best model saved at epoch 313 with Test RMSE: 0.3090062703936189
Epoch 314 MSE: 0.000293152203084901
Epoch 314 val RMSE: 0.3087273803332507
Best model saved at epoch 314 with Test RMSE: 0.3087273803332507
Epoch 315 MSE: 0.00029285019263625145
Epoch 315 val RMSE: 0.3084403393082341
Best model saved at epoch 315 with Test RMSE: 0.3084403393082341
Epoch 316 MSE: 0.00029259297298267484
Epoch 316 val RMSE: 0.30800862913924515
Best model saved at epoch 316 with Test RMSE: 0.30800862913924515
Epoch 317 MSE: 0.0002923012070823461
Epoch 317 val RMSE: 0.3075234043123355
Best model saved at epoch 317 with Test RMSE: 0.3075234043123355
Epoch 318 MSE: 0.00029203316080383956
Epoch 318 val RMSE: 0.30715101735587574
Best model saved at epoch 318 with Test RMSE: 0.30715101735587574
Epoch 319 MSE: 0.0002917642123065889
Epoch 319 val RMSE: 0.3068940275823344
Best model saved at epoch 319 with Test RMSE: 0.3068940275823344
Epoch 320 MSE: 0.0002914861252065748
Epoch 320 val RMSE: 0.3066051486929853
Best model saved at epoch 320 with Test RMSE: 0.3066051486929853
Epoch 321 MSE: 0.00029123012791387737
Epoch 321 val RMSE: 0.3061978855361226
Best model saved at epoch 321 with Test RMSE: 0.3061978855361226
Epoch 322 MSE: 0.0002909557078965008
Epoch 322 val RMSE: 0.30576010953077065
Best model saved at epoch 322 with Test RMSE: 0.30576010953077065
Epoch 323 MSE: 0.00029069933225400746
Epoch 323 val RMSE: 0.3054138475724273
Best model saved at epoch 323 with Test RMSE: 0.3054138475724273
Epoch 324 MSE: 0.0002904376306105405
Epoch 324 val RMSE: 0.30514018347069144
Best model saved at epoch 324 with Test RMSE: 0.30514018347069144
Epoch 325 MSE: 0.0002901775878854096
Epoch 325 val RMSE: 0.3048244070919118
Best model saved at epoch 325 with Test RMSE: 0.3048244070919118
Epoch 326 MSE: 0.00028992685838602483
Epoch 326 val RMSE: 0.3044226913962019
Best model saved at epoch 326 with Test RMSE: 0.3044226913962019
Epoch 327 MSE: 0.0002896687656175345
Epoch 327 val RMSE: 0.30401910927044334
Best model saved at epoch 327 with Test RMSE: 0.30401910927044334
Epoch 328 MSE: 0.00028942161588929594
Epoch 328 val RMSE: 0.30369585005889477
Best model saved at epoch 328 with Test RMSE: 0.30369585005889477
Epoch 329 MSE: 0.0002891713520511985
Epoch 329 val RMSE: 0.3034198997885476
Best model saved at epoch 329 with Test RMSE: 0.3034198997885476
Epoch 330 MSE: 0.0002889250172302127
Epoch 330 val RMSE: 0.30310600604689286
Best model saved at epoch 330 with Test RMSE: 0.30310600604689286
Epoch 331 MSE: 0.0002886825823225081
Epoch 331 val RMSE: 0.30273677455812503
Best model saved at epoch 331 with Test RMSE: 0.30273677455812503
Epoch 332 MSE: 0.0002884382556658238
Epoch 332 val RMSE: 0.30238393373605515
Best model saved at epoch 332 with Test RMSE: 0.30238393373605515
Epoch 333 MSE: 0.0002882004773709923
Epoch 333 val RMSE: 0.3020941208963119
Best model saved at epoch 333 with Test RMSE: 0.3020941208963119
Epoch 334 MSE: 0.00028796144761145115
Epoch 334 val RMSE: 0.3018276911443752
Best model saved at epoch 334 with Test RMSE: 0.3018276911443752
Epoch 335 MSE: 0.0002877259976230562
Epoch 335 val RMSE: 0.3015228764291192
Best model saved at epoch 335 with Test RMSE: 0.3015228764291192
Epoch 336 MSE: 0.0002874929050449282
Epoch 336 val RMSE: 0.3011813784434553
Best model saved at epoch 336 with Test RMSE: 0.3011813784434553
Epoch 337 MSE: 0.0002872598997782916
Epoch 337 val RMSE: 0.3008609022222095
Best model saved at epoch 337 with Test RMSE: 0.3008609022222095
Epoch 338 MSE: 0.00028703140560537577
Epoch 338 val RMSE: 0.3005844190533155
Best model saved at epoch 338 with Test RMSE: 0.3005844190533155
Epoch 339 MSE: 0.00028680230025202036
Epoch 339 val RMSE: 0.30031387132297815
Best model saved at epoch 339 with Test RMSE: 0.30031387132297815
Epoch 340 MSE: 0.0002865763963200152
Epoch 340 val RMSE: 0.30000980331377447
Best model saved at epoch 340 with Test RMSE: 0.30000980331377447
Epoch 341 MSE: 0.00028635183116421103
Epoch 341 val RMSE: 0.2996871046674267
Best model saved at epoch 341 with Test RMSE: 0.2996871046674267
Epoch 342 MSE: 0.00028612848836928606
Epoch 342 val RMSE: 0.2993890073760516
Best model saved at epoch 342 with Test RMSE: 0.2993890073760516
Epoch 343 MSE: 0.00028590814326889813
Epoch 343 val RMSE: 0.2991221234549528
Best model saved at epoch 343 with Test RMSE: 0.2991221234549528
Epoch 344 MSE: 0.00028568756533786654
Epoch 344 val RMSE: 0.29885463970958404
Best model saved at epoch 344 with Test RMSE: 0.29885463970958404
Epoch 345 MSE: 0.0002854703343473375
Epoch 345 val RMSE: 0.29856329758130107
Best model saved at epoch 345 with Test RMSE: 0.29856329758130107
Epoch 346 MSE: 0.00028525356901809573
Epoch 346 val RMSE: 0.2982673494508061
Best model saved at epoch 346 with Test RMSE: 0.2982673494508061
Epoch 347 MSE: 0.0002850388118531555
Epoch 347 val RMSE: 0.29799449805406614
Best model saved at epoch 347 with Test RMSE: 0.29799449805406614
Epoch 348 MSE: 0.0002848258591257036
Epoch 348 val RMSE: 0.2977420918393765
Best model saved at epoch 348 with Test RMSE: 0.2977420918393765
Epoch 349 MSE: 0.0002846133429557085
Epoch 349 val RMSE: 0.2974829346907298
Best model saved at epoch 349 with Test RMSE: 0.2974829346907298
Epoch 350 MSE: 0.0002844035334419459
Epoch 350 val RMSE: 0.2972054775307978
Best model saved at epoch 350 with Test RMSE: 0.2972054775307978
Epoch 351 MSE: 0.00028419398586265743
Epoch 351 val RMSE: 0.296929429736477
Best model saved at epoch 351 with Test RMSE: 0.296929429736477
Epoch 352 MSE: 0.0002839867665898055
Epoch 352 val RMSE: 0.29667153413178093
Best model saved at epoch 352 with Test RMSE: 0.29667153413178093
Epoch 353 MSE: 0.00028378047863952816
Epoch 353 val RMSE: 0.2964240338184201
Best model saved at epoch 353 with Test RMSE: 0.2964240338184201
Epoch 354 MSE: 0.0002835757622960955
Epoch 354 val RMSE: 0.29616725784200537
Best model saved at epoch 354 with Test RMSE: 0.29616725784200537
Epoch 355 MSE: 0.0002833725593518466
Epoch 355 val RMSE: 0.29589856339757276
Best model saved at epoch 355 with Test RMSE: 0.29589856339757276
Epoch 356 MSE: 0.00028317014221102
Epoch 356 val RMSE: 0.29563523222411686
Best model saved at epoch 356 with Test RMSE: 0.29563523222411686
Epoch 357 MSE: 0.00028297005337662995
Epoch 357 val RMSE: 0.29538799864845666
Best model saved at epoch 357 with Test RMSE: 0.29538799864845666
Epoch 358 MSE: 0.00028277019737288356
Epoch 358 val RMSE: 0.2951459475527127
Best model saved at epoch 358 with Test RMSE: 0.2951459475527127
Epoch 359 MSE: 0.0002825726696755737
Epoch 359 val RMSE: 0.2948957267436746
Best model saved at epoch 359 with Test RMSE: 0.2948957267436746
Epoch 360 MSE: 0.00028237589867785573
Epoch 360 val RMSE: 0.29463950274981454
Best model saved at epoch 360 with Test RMSE: 0.29463950274981454
Epoch 361 MSE: 0.0002821806410793215
Epoch 361 val RMSE: 0.2943921289299765
Best model saved at epoch 361 with Test RMSE: 0.2943921289299765
Epoch 362 MSE: 0.00028198680956847966
Epoch 362 val RMSE: 0.2941568823547926
Best model saved at epoch 362 with Test RMSE: 0.2941568823547926
Epoch 363 MSE: 0.0002817939384840429
Epoch 363 val RMSE: 0.293922347378829
Best model saved at epoch 363 with Test RMSE: 0.293922347378829
Epoch 364 MSE: 0.00028160266811028123
Epoch 364 val RMSE: 0.29367911366164645
Best model saved at epoch 364 with Test RMSE: 0.29367911366164645
Epoch 365 MSE: 0.0002814123290590942
Epoch 365 val RMSE: 0.2934341167827729
Best model saved at epoch 365 with Test RMSE: 0.2934341167827729
Epoch 366 MSE: 0.0002812235616147518
Epoch 366 val RMSE: 0.29319752979301605
Best model saved at epoch 366 with Test RMSE: 0.29319752979301605
Epoch 367 MSE: 0.0002810356963891536
Epoch 367 val RMSE: 0.29296830495164766
Best model saved at epoch 367 with Test RMSE: 0.29296830495164766
Epoch 368 MSE: 0.0002808492281474173
Epoch 368 val RMSE: 0.2927352610631421
Best model saved at epoch 368 with Test RMSE: 0.2927352610631421
Epoch 369 MSE: 0.00028066395316272974
Epoch 369 val RMSE: 0.29249506485680027
Best model saved at epoch 369 with Test RMSE: 0.29249506485680027
Epoch 370 MSE: 0.00028048010426573455
Epoch 370 val RMSE: 0.29225722057389963
Best model saved at epoch 370 with Test RMSE: 0.29225722057389963
Epoch 371 MSE: 0.00028029721579514444
Epoch 371 val RMSE: 0.29202747450705085
Best model saved at epoch 371 with Test RMSE: 0.29202747450705085
Epoch 372 MSE: 0.00028011566610075533
Epoch 372 val RMSE: 0.29180100730410996
Best model saved at epoch 372 with Test RMSE: 0.29180100730410996
Epoch 373 MSE: 0.00027993530966341496
Epoch 373 val RMSE: 0.2915703140348328
Best model saved at epoch 373 with Test RMSE: 0.2915703140348328
Epoch 374 MSE: 0.00027975597186014056
Epoch 374 val RMSE: 0.2913360623674508
Best model saved at epoch 374 with Test RMSE: 0.2913360623674508
Epoch 375 MSE: 0.0002795778855215758
Epoch 375 val RMSE: 0.29110770081012094
Best model saved at epoch 375 with Test RMSE: 0.29110770081012094
Epoch 376 MSE: 0.0002794009924400598
Epoch 376 val RMSE: 0.2908859604113536
Best model saved at epoch 376 with Test RMSE: 0.2908859604113536
Epoch 377 MSE: 0.000279225263511762
Epoch 377 val RMSE: 0.29066457632763015
Best model saved at epoch 377 with Test RMSE: 0.29066457632763015
Epoch 378 MSE: 0.0002790505241136998
Epoch 378 val RMSE: 0.2904386881990141
Best model saved at epoch 378 with Test RMSE: 0.2904386881990141
Epoch 379 MSE: 0.00027887694886885583
Epoch 379 val RMSE: 0.2902133944335501
Best model saved at epoch 379 with Test RMSE: 0.2902133944335501
Epoch 380 MSE: 0.0002787045086733997
Epoch 380 val RMSE: 0.28999388628714146
Best model saved at epoch 380 with Test RMSE: 0.28999388628714146
Epoch 381 MSE: 0.00027853361098095775
Epoch 381 val RMSE: 0.28977792717353096
Best model saved at epoch 381 with Test RMSE: 0.28977792717353096
Epoch 382 MSE: 0.00027836314984597266
Epoch 382 val RMSE: 0.2895598257366601
Best model saved at epoch 382 with Test RMSE: 0.2895598257366601
Epoch 383 MSE: 0.00027819405659101903
Epoch 383 val RMSE: 0.2893389848744589
Best model saved at epoch 383 with Test RMSE: 0.2893389848744589
Epoch 384 MSE: 0.0002780264476314187
Epoch 384 val RMSE: 0.2891212996399846
Best model saved at epoch 384 with Test RMSE: 0.2891212996399846
Epoch 385 MSE: 0.0002778593043331057
Epoch 385 val RMSE: 0.2889086726423887
Best model saved at epoch 385 with Test RMSE: 0.2889086726423887
Epoch 386 MSE: 0.0002776934124995023
Epoch 386 val RMSE: 0.28869676650413084
Best model saved at epoch 386 with Test RMSE: 0.28869676650413084
Epoch 387 MSE: 0.000277528801234439
Epoch 387 val RMSE: 0.2884825740076788
Best model saved at epoch 387 with Test RMSE: 0.2884825740076788
Epoch 388 MSE: 0.000277365354122594
Epoch 388 val RMSE: 0.2882689589694755
Best model saved at epoch 388 with Test RMSE: 0.2882689589694755
Epoch 389 MSE: 0.0002772025763988495
Epoch 389 val RMSE: 0.28805964721720456
Best model saved at epoch 389 with Test RMSE: 0.28805964721720456
Epoch 390 MSE: 0.00027704107924364507
Epoch 390 val RMSE: 0.28785394929270863
Best model saved at epoch 390 with Test RMSE: 0.28785394929270863
Epoch 391 MSE: 0.00027688065893016756
Epoch 391 val RMSE: 0.2876471977114959
Best model saved at epoch 391 with Test RMSE: 0.2876471977114959
Epoch 392 MSE: 0.0002767212863545865
Epoch 392 val RMSE: 0.28743976604732174
Best model saved at epoch 392 with Test RMSE: 0.28743976604732174
Epoch 393 MSE: 0.00027656296151690185
Epoch 393 val RMSE: 0.287234817400786
Best model saved at epoch 393 with Test RMSE: 0.287234817400786
Epoch 394 MSE: 0.00027640556800179183
Epoch 394 val RMSE: 0.2870339015449898
Best model saved at epoch 394 with Test RMSE: 0.2870339015449898
Epoch 395 MSE: 0.000276249396847561
Epoch 395 val RMSE: 0.28683371512762396
Best model saved at epoch 395 with Test RMSE: 0.28683371512762396
Epoch 396 MSE: 0.0002760940114967525
Epoch 396 val RMSE: 0.2866323621572132
Best model saved at epoch 396 with Test RMSE: 0.2866323621572132
Epoch 397 MSE: 0.00027593979029916227
Epoch 397 val RMSE: 0.2864318170701647
Best model saved at epoch 397 with Test RMSE: 0.2864318170701647
Epoch 398 MSE: 0.00027578664594329894
Epoch 398 val RMSE: 0.28623443725708536
Best model saved at epoch 398 with Test RMSE: 0.28623443725708536
Epoch 399 MSE: 0.0002756344329100102
Epoch 399 val RMSE: 0.28603942180251835
Best model saved at epoch 399 with Test RMSE: 0.28603942180251835
Epoch 400 MSE: 0.0002754831803031266
Epoch 400 val RMSE: 0.2858440778110485
Best model saved at epoch 400 with Test RMSE: 0.2858440778110485
Epoch 401 MSE: 0.000275332888122648
Epoch 401 val RMSE: 0.2856490697255637
Best model saved at epoch 401 with Test RMSE: 0.2856490697255637
Epoch 402 MSE: 0.0002751837600953877
Epoch 402 val RMSE: 0.2854559642766013
Best model saved at epoch 402 with Test RMSE: 0.2854559642766013
Epoch 403 MSE: 0.00027503547607921064
Epoch 403 val RMSE: 0.2852656272248396
Best model saved at epoch 403 with Test RMSE: 0.2852656272248396
Epoch 404 MSE: 0.0002748883271124214
Epoch 404 val RMSE: 0.2850764306588601
Best model saved at epoch 404 with Test RMSE: 0.2850764306588601
Epoch 405 MSE: 0.00027474199305288494
Epoch 405 val RMSE: 0.2848874353546073
Best model saved at epoch 405 with Test RMSE: 0.2848874353546073
Epoch 406 MSE: 0.000274596648523584
Epoch 406 val RMSE: 0.28469946606860325
Best model saved at epoch 406 with Test RMSE: 0.28469946606860325
Epoch 407 MSE: 0.00027445240993984044
Epoch 407 val RMSE: 0.2845137949098082
Best model saved at epoch 407 with Test RMSE: 0.2845137949098082
Epoch 408 MSE: 0.00027430892805568874
Epoch 408 val RMSE: 0.28432986299482826
Best model saved at epoch 408 with Test RMSE: 0.28432986299482826
Epoch 409 MSE: 0.0002741666685324162
Epoch 409 val RMSE: 0.28414613977995573
Best model saved at epoch 409 with Test RMSE: 0.28414613977995573
Epoch 410 MSE: 0.00027402513660490513
Epoch 410 val RMSE: 0.2839631897843857
Best model saved at epoch 410 with Test RMSE: 0.2839631897843857
Epoch 411 MSE: 0.00027388462331146
Epoch 411 val RMSE: 0.2837820515616583
Best model saved at epoch 411 with Test RMSE: 0.2837820515616583
Epoch 412 MSE: 0.00027374495402909815
Epoch 412 val RMSE: 0.28360301756625445
Best model saved at epoch 412 with Test RMSE: 0.28360301756625445
Epoch 413 MSE: 0.00027360650710761547
Epoch 413 val RMSE: 0.2834249088430548
Best model saved at epoch 413 with Test RMSE: 0.2834249088430548
Epoch 414 MSE: 0.00027346875867806375
Epoch 414 val RMSE: 0.28324716159849533
Best model saved at epoch 414 with Test RMSE: 0.28324716159849533
Epoch 415 MSE: 0.0002733319706749171
Epoch 415 val RMSE: 0.2830706450936501
Best model saved at epoch 415 with Test RMSE: 0.2830706450936501
Epoch 416 MSE: 0.0002731961430981755
Epoch 416 val RMSE: 0.2828965072841994
Best model saved at epoch 416 with Test RMSE: 0.2828965072841994
Epoch 417 MSE: 0.000273061275947839
Epoch 417 val RMSE: 0.28272369845265544
Best model saved at epoch 417 with Test RMSE: 0.28272369845265544
Epoch 418 MSE: 0.00027292725280858576
Epoch 418 val RMSE: 0.2825514167859819
Best model saved at epoch 418 with Test RMSE: 0.2825514167859819
Epoch 419 MSE: 0.00027279433561488986
Epoch 419 val RMSE: 0.2823806790688022
Best model saved at epoch 419 with Test RMSE: 0.2823806790688022
Epoch 420 MSE: 0.0002726622042246163
Epoch 420 val RMSE: 0.2822109468885292
Best model saved at epoch 420 with Test RMSE: 0.2822109468885292
Epoch 421 MSE: 0.0002725307713262737
Epoch 421 val RMSE: 0.2820434372189285
Best model saved at epoch 421 with Test RMSE: 0.2820434372189285
Epoch 422 MSE: 0.0002724005316849798
Epoch 422 val RMSE: 0.28187652845454647
Best model saved at epoch 422 with Test RMSE: 0.28187652845454647
Epoch 423 MSE: 0.00027227093232795596
Epoch 423 val RMSE: 0.28171071094503936
Best model saved at epoch 423 with Test RMSE: 0.28171071094503936
Epoch 424 MSE: 0.00027214246802031994
Epoch 424 val RMSE: 0.2815464761854925
Best model saved at epoch 424 with Test RMSE: 0.2815464761854925
Epoch 425 MSE: 0.0002720148186199367
Epoch 425 val RMSE: 0.28138364159876844
Best model saved at epoch 425 with Test RMSE: 0.28138364159876844
Epoch 426 MSE: 0.00027188804233446717
Epoch 426 val RMSE: 0.28122182546002783
Best model saved at epoch 426 with Test RMSE: 0.28122182546002783
Epoch 427 MSE: 0.0002717618190217763
Epoch 427 val RMSE: 0.28106118858087437
Best model saved at epoch 427 with Test RMSE: 0.28106118858087437
Epoch 428 MSE: 0.00027163702179677784
Epoch 428 val RMSE: 0.280901640151122
Best model saved at epoch 428 with Test RMSE: 0.280901640151122
Epoch 429 MSE: 0.0002715129521675408
Epoch 429 val RMSE: 0.2807436597240652
Best model saved at epoch 429 with Test RMSE: 0.2807436597240652
Epoch 430 MSE: 0.0002713896392378956
Epoch 430 val RMSE: 0.2805872233946983
Best model saved at epoch 430 with Test RMSE: 0.2805872233946983
Epoch 431 MSE: 0.00027126685017719865
Epoch 431 val RMSE: 0.2804315101318812
Best model saved at epoch 431 with Test RMSE: 0.2804315101318812
Epoch 432 MSE: 0.0002711452543735504
Epoch 432 val RMSE: 0.2802771591311599
Best model saved at epoch 432 with Test RMSE: 0.2802771591311599
Epoch 433 MSE: 0.0002710243861656636
Epoch 433 val RMSE: 0.2801247311896788
Best model saved at epoch 433 with Test RMSE: 0.2801247311896788
Epoch 434 MSE: 0.0002709045074880123
Epoch 434 val RMSE: 0.27997284563834784
Best model saved at epoch 434 with Test RMSE: 0.27997284563834784
Epoch 435 MSE: 0.0002707854728214443
Epoch 435 val RMSE: 0.2798227547885315
Best model saved at epoch 435 with Test RMSE: 0.2798227547885315
Epoch 436 MSE: 0.0002706670784391463
Epoch 436 val RMSE: 0.27967330267904256
Best model saved at epoch 436 with Test RMSE: 0.27967330267904256
Epoch 437 MSE: 0.00027054952806793153
Epoch 437 val RMSE: 0.2795252100045156
Best model saved at epoch 437 with Test RMSE: 0.2795252100045156
Epoch 438 MSE: 0.00027043302543461323
Epoch 438 val RMSE: 0.27937906563123954
Best model saved at epoch 438 with Test RMSE: 0.27937906563123954
Epoch 439 MSE: 0.0002703172212932259
Epoch 439 val RMSE: 0.27923377864889876
Best model saved at epoch 439 with Test RMSE: 0.27923377864889876
Epoch 440 MSE: 0.0002702022611629218
Epoch 440 val RMSE: 0.2790896440527932
Best model saved at epoch 440 with Test RMSE: 0.2790896440527932
Epoch 441 MSE: 0.00027008799952454865
Epoch 441 val RMSE: 0.27894653008076004
Best model saved at epoch 441 with Test RMSE: 0.27894653008076004
Epoch 442 MSE: 0.0002699744363781065
Epoch 442 val RMSE: 0.2788049059622298
Best model saved at epoch 442 with Test RMSE: 0.2788049059622298
Epoch 443 MSE: 0.00026986192096956074
Epoch 443 val RMSE: 0.2786646402851339
Best model saved at epoch 443 with Test RMSE: 0.2786646402851339
Epoch 444 MSE: 0.0002697501622606069
Epoch 444 val RMSE: 0.2785255746013911
Best model saved at epoch 444 with Test RMSE: 0.2785255746013911
Epoch 445 MSE: 0.00026963907293975353
Epoch 445 val RMSE: 0.2783880987772665
Best model saved at epoch 445 with Test RMSE: 0.2783880987772665
Epoch 446 MSE: 0.00026952879852615297
Epoch 446 val RMSE: 0.2782513449363045
Best model saved at epoch 446 with Test RMSE: 0.2782513449363045
Epoch 447 MSE: 0.0002694192808121443
Epoch 447 val RMSE: 0.27811597048642855
Best model saved at epoch 447 with Test RMSE: 0.27811597048642855
Epoch 448 MSE: 0.0002693107526283711
Epoch 448 val RMSE: 0.2779820176464657
Best model saved at epoch 448 with Test RMSE: 0.2779820176464657
Epoch 449 MSE: 0.00026920248637907207
Epoch 449 val RMSE: 0.27784908624470994
Best model saved at epoch 449 with Test RMSE: 0.27784908624470994
Epoch 450 MSE: 0.0002690952969714999
Epoch 450 val RMSE: 0.27771775454809255
Best model saved at epoch 450 with Test RMSE: 0.27771775454809255
Epoch 451 MSE: 0.0002689887769520283
Epoch 451 val RMSE: 0.27758755511932093
Best model saved at epoch 451 with Test RMSE: 0.27758755511932093
Epoch 452 MSE: 0.00026888313004747033
Epoch 452 val RMSE: 0.27745850297884767
Best model saved at epoch 452 with Test RMSE: 0.27745850297884767
Epoch 453 MSE: 0.00026877818163484335
Epoch 453 val RMSE: 0.27733045196889494
Best model saved at epoch 453 with Test RMSE: 0.27733045196889494
Epoch 454 MSE: 0.00026867384440265596
Epoch 454 val RMSE: 0.277203739447472
Best model saved at epoch 454 with Test RMSE: 0.277203739447472
Epoch 455 MSE: 0.00026857040938921273
Epoch 455 val RMSE: 0.2770785420345325
Best model saved at epoch 455 with Test RMSE: 0.2770785420345325
Epoch 456 MSE: 0.00026846741093322635
Epoch 456 val RMSE: 0.27695424304300675
Best model saved at epoch 456 with Test RMSE: 0.27695424304300675
Epoch 457 MSE: 0.00026836537290364504
Epoch 457 val RMSE: 0.27683136850243895
Best model saved at epoch 457 with Test RMSE: 0.27683136850243895
Epoch 458 MSE: 0.0002682639751583338
Epoch 458 val RMSE: 0.27670940872356403
Best model saved at epoch 458 with Test RMSE: 0.27670940872356403
Epoch 459 MSE: 0.0002681631885934621
Epoch 459 val RMSE: 0.2765892942563393
Best model saved at epoch 459 with Test RMSE: 0.2765892942563393
Epoch 460 MSE: 0.0002680632460396737
Epoch 460 val RMSE: 0.27646985522774004
Best model saved at epoch 460 with Test RMSE: 0.27646985522774004
Epoch 461 MSE: 0.0002679640019778162
Epoch 461 val RMSE: 0.2763517934872478
Best model saved at epoch 461 with Test RMSE: 0.2763517934872478
Epoch 462 MSE: 0.0002678653399925679
Epoch 462 val RMSE: 0.27623474668016795
Best model saved at epoch 462 with Test RMSE: 0.27623474668016795
Epoch 463 MSE: 0.00026776749291457236
Epoch 463 val RMSE: 0.27611935020286044
Best model saved at epoch 463 with Test RMSE: 0.27611935020286044
Epoch 464 MSE: 0.00026767011149786413
Epoch 464 val RMSE: 0.2760046748200784
Best model saved at epoch 464 with Test RMSE: 0.2760046748200784
Epoch 465 MSE: 0.00026757348678074777
Epoch 465 val RMSE: 0.27589124803871884
Best model saved at epoch 465 with Test RMSE: 0.27589124803871884
Epoch 466 MSE: 0.0002674776187632233
Epoch 466 val RMSE: 0.2757794091052462
Best model saved at epoch 466 with Test RMSE: 0.2757794091052462
Epoch 467 MSE: 0.0002673823037184775
Epoch 467 val RMSE: 0.2756684031880593
Best model saved at epoch 467 with Test RMSE: 0.2756684031880593
Epoch 468 MSE: 0.0002672875707503408
Epoch 468 val RMSE: 0.27555855575130167
Best model saved at epoch 468 with Test RMSE: 0.27555855575130167
Epoch 469 MSE: 0.0002671937400009483
Epoch 469 val RMSE: 0.27544990875410896
Best model saved at epoch 469 with Test RMSE: 0.27544990875410896
Epoch 470 MSE: 0.0002671003167051822
Epoch 470 val RMSE: 0.2753426665623665
Best model saved at epoch 470 with Test RMSE: 0.2753426665623665
Epoch 471 MSE: 0.0002670073590707034
Epoch 471 val RMSE: 0.2752363300281122
Best model saved at epoch 471 with Test RMSE: 0.2752363300281122
Epoch 472 MSE: 0.00026691550738178194
Epoch 472 val RMSE: 0.2751314147234331
Best model saved at epoch 472 with Test RMSE: 0.2751314147234331
Epoch 473 MSE: 0.00026682394673116505
Epoch 473 val RMSE: 0.2750273398333889
Best model saved at epoch 473 with Test RMSE: 0.2750273398333889
Epoch 474 MSE: 0.00026673288084566593
Epoch 474 val RMSE: 0.2749241605134118
Best model saved at epoch 474 with Test RMSE: 0.2749241605134118
Epoch 475 MSE: 0.00026664245524443686
Epoch 475 val RMSE: 0.2748226368674034
Best model saved at epoch 475 with Test RMSE: 0.2748226368674034
Epoch 476 MSE: 0.0002665528445504606
Epoch 476 val RMSE: 0.27472210628128646
Best model saved at epoch 476 with Test RMSE: 0.27472210628128646
Epoch 477 MSE: 0.0002664636995177716
Epoch 477 val RMSE: 0.2746224477594653
Best model saved at epoch 477 with Test RMSE: 0.2746224477594653
Epoch 478 MSE: 0.0002663751947693527
Epoch 478 val RMSE: 0.27452412363181194
Best model saved at epoch 478 with Test RMSE: 0.27452412363181194
Epoch 479 MSE: 0.00026628715568222106
Epoch 479 val RMSE: 0.2744272710804717
Best model saved at epoch 479 with Test RMSE: 0.2744272710804717
Epoch 480 MSE: 0.00026619978598318994
Epoch 480 val RMSE: 0.27433087319956634
Best model saved at epoch 480 with Test RMSE: 0.27433087319956634
Epoch 481 MSE: 0.0002661130274645984
Epoch 481 val RMSE: 0.2742361258845968
Best model saved at epoch 481 with Test RMSE: 0.2742361258845968
Epoch 482 MSE: 0.00026602682191878557
Epoch 482 val RMSE: 0.274142011680803
Best model saved at epoch 482 with Test RMSE: 0.274142011680803
Epoch 483 MSE: 0.00026594099472276866
Epoch 483 val RMSE: 0.2740490206075427
Best model saved at epoch 483 with Test RMSE: 0.2740490206075427
Epoch 484 MSE: 0.0002658558660186827
Epoch 484 val RMSE: 0.2739577521232174
Best model saved at epoch 484 with Test RMSE: 0.2739577521232174
Epoch 485 MSE: 0.0002657711738720536
Epoch 485 val RMSE: 0.27386707894080026
Best model saved at epoch 485 with Test RMSE: 0.27386707894080026
Epoch 486 MSE: 0.0002656871802173555
Epoch 486 val RMSE: 0.27377697443772203
Best model saved at epoch 486 with Test RMSE: 0.27377697443772203
Epoch 487 MSE: 0.0002656034776009619
Epoch 487 val RMSE: 0.2736889636568358
Best model saved at epoch 487 with Test RMSE: 0.2736889636568358
Epoch 488 MSE: 0.0002655204152688384
Epoch 488 val RMSE: 0.2736010879543421
Best model saved at epoch 488 with Test RMSE: 0.2736010879543421
Epoch 489 MSE: 0.00026543784770183265
Epoch 489 val RMSE: 0.27351483205175314
Best model saved at epoch 489 with Test RMSE: 0.27351483205175314
Epoch 490 MSE: 0.00026535586221143603
Epoch 490 val RMSE: 0.2734293936481497
Best model saved at epoch 490 with Test RMSE: 0.2734293936481497
Epoch 491 MSE: 0.00026527425507083535
Epoch 491 val RMSE: 0.2733447735101001
Best model saved at epoch 491 with Test RMSE: 0.2733447735101001
Epoch 492 MSE: 0.00026519325911067426
Epoch 492 val RMSE: 0.27326172219634215
Best model saved at epoch 492 with Test RMSE: 0.27326172219634215
Epoch 493 MSE: 0.0002651127288118005
Epoch 493 val RMSE: 0.2731791229220394
Best model saved at epoch 493 with Test RMSE: 0.2731791229220394
Epoch 494 MSE: 0.000265032664174214
Epoch 494 val RMSE: 0.27309797188170953
Best model saved at epoch 494 with Test RMSE: 0.27309797188170953
Epoch 495 MSE: 0.0002649530069902539
Epoch 495 val RMSE: 0.2730177245726583
Best model saved at epoch 495 with Test RMSE: 0.2730177245726583
Epoch 496 MSE: 0.0002648738445714116
Epoch 496 val RMSE: 0.27293855922677757
Best model saved at epoch 496 with Test RMSE: 0.27293855922677757
Epoch 497 MSE: 0.00026479517691768706
Epoch 497 val RMSE: 0.27286005355085646
Best model saved at epoch 497 with Test RMSE: 0.27286005355085646
Epoch 498 MSE: 0.0002647169167175889
Epoch 498 val RMSE: 0.27278265878342206
Best model saved at epoch 498 with Test RMSE: 0.27278265878342206
Epoch 499 MSE: 0.00026463912217877805
Epoch 499 val RMSE: 0.27270648515384416
Best model saved at epoch 499 with Test RMSE: 0.27270648515384416
Epoch 500 MSE: 0.00026456182240508497
Epoch 500 val RMSE: 0.2726309324604654
Best model saved at epoch 500 with Test RMSE: 0.2726309324604654
Epoch 501 MSE: 0.0002644850465003401
Epoch 501 val RMSE: 0.27255682129729525
Best model saved at epoch 501 with Test RMSE: 0.27255682129729525
Epoch 502 MSE: 0.00026440832880325615
Epoch 502 val RMSE: 0.272483209499542
Best model saved at epoch 502 with Test RMSE: 0.272483209499542
Epoch 503 MSE: 0.000264332426013425
Epoch 503 val RMSE: 0.2724106034577245
Best model saved at epoch 503 with Test RMSE: 0.2724106034577245
Epoch 504 MSE: 0.00026425672695040703
Epoch 504 val RMSE: 0.27233888086637825
Best model saved at epoch 504 with Test RMSE: 0.27233888086637825
Epoch 505 MSE: 0.00026418143534101546
Epoch 505 val RMSE: 0.2722683981668016
Best model saved at epoch 505 with Test RMSE: 0.2722683981668016
Epoch 506 MSE: 0.000264106725808233
Epoch 506 val RMSE: 0.27219869100117894
Best model saved at epoch 506 with Test RMSE: 0.27219869100117894
Epoch 507 MSE: 0.00026403230731375515
Epoch 507 val RMSE: 0.27212985579118903
Best model saved at epoch 507 with Test RMSE: 0.27212985579118903
Epoch 508 MSE: 0.00026395823806524277
Epoch 508 val RMSE: 0.2720618247346497
Best model saved at epoch 508 with Test RMSE: 0.2720618247346497
Epoch 509 MSE: 0.00026388477999716997
Epoch 509 val RMSE: 0.27199505040893046
Best model saved at epoch 509 with Test RMSE: 0.27199505040893046
Epoch 510 MSE: 0.00026381161296740174
Epoch 510 val RMSE: 0.2719283281838599
Best model saved at epoch 510 with Test RMSE: 0.2719283281838599
Epoch 511 MSE: 0.00026373882428742945
Epoch 511 val RMSE: 0.2718633983592131
Best model saved at epoch 511 with Test RMSE: 0.2718633983592131
Epoch 512 MSE: 0.0002636664139572531
Epoch 512 val RMSE: 0.27179930279890047
Best model saved at epoch 512 with Test RMSE: 0.27179930279890047
Epoch 513 MSE: 0.0002635942364577204
Epoch 513 val RMSE: 0.2717354663052442
Best model saved at epoch 513 with Test RMSE: 0.2717354663052442
Epoch 514 MSE: 0.00026352264103479683
Epoch 514 val RMSE: 0.2716727940818145
Best model saved at epoch 514 with Test RMSE: 0.2716727940818145
Epoch 515 MSE: 0.00026345119113102555
Epoch 515 val RMSE: 0.2716111360637781
Best model saved at epoch 515 with Test RMSE: 0.2716111360637781
Epoch 516 MSE: 0.00026338003226555884
Epoch 516 val RMSE: 0.27155017741419996
Best model saved at epoch 516 with Test RMSE: 0.27155017741419996
Epoch 517 MSE: 0.0002633095136843622
Epoch 517 val RMSE: 0.2714900832639545
Best model saved at epoch 517 with Test RMSE: 0.2714900832639545
Epoch 518 MSE: 0.00026323911151848733
Epoch 518 val RMSE: 0.2714305659696787
Best model saved at epoch 518 with Test RMSE: 0.2714305659696787
Epoch 519 MSE: 0.00026316908770240843
Epoch 519 val RMSE: 0.27137218874332236
Best model saved at epoch 519 with Test RMSE: 0.27137218874332236
Epoch 520 MSE: 0.000263099413132295
Epoch 520 val RMSE: 0.2713147189021684
Best model saved at epoch 520 with Test RMSE: 0.2713147189021684
Epoch 521 MSE: 0.00026303011691197753
Epoch 521 val RMSE: 0.2712579235554489
Best model saved at epoch 521 with Test RMSE: 0.2712579235554489
Epoch 522 MSE: 0.00026296114083379507
Epoch 522 val RMSE: 0.2712015970833981
Best model saved at epoch 522 with Test RMSE: 0.2712015970833981
Epoch 523 MSE: 0.00026289233937859535
Epoch 523 val RMSE: 0.27114653664310984
Best model saved at epoch 523 with Test RMSE: 0.27114653664310984
Epoch 524 MSE: 0.00026282400358468294
Epoch 524 val RMSE: 0.2710918085649874
Best model saved at epoch 524 with Test RMSE: 0.2710918085649874
Epoch 525 MSE: 0.0002627558133099228
Epoch 525 val RMSE: 0.2710380315549093
Best model saved at epoch 525 with Test RMSE: 0.2710380315549093
Epoch 526 MSE: 0.00026268811780028045
Epoch 526 val RMSE: 0.2709850412125342
Best model saved at epoch 526 with Test RMSE: 0.2709850412125342
Epoch 527 MSE: 0.00026262056780979037
Epoch 527 val RMSE: 0.27093322299542566
Best model saved at epoch 527 with Test RMSE: 0.27093322299542566
Epoch 528 MSE: 0.0002625534252729267
Epoch 528 val RMSE: 0.2708816561627062
Best model saved at epoch 528 with Test RMSE: 0.2708816561627062
Epoch 529 MSE: 0.0002624865446705371
Epoch 529 val RMSE: 0.2708312486910675
Best model saved at epoch 529 with Test RMSE: 0.2708312486910675
Epoch 530 MSE: 0.0002624198095872998
Epoch 530 val RMSE: 0.27078085935094515
Best model saved at epoch 530 with Test RMSE: 0.27078085935094515
Epoch 531 MSE: 0.00026235345285385847
Epoch 531 val RMSE: 0.270731561441509
Best model saved at epoch 531 with Test RMSE: 0.270731561441509
Epoch 532 MSE: 0.00026228727074339986
Epoch 532 val RMSE: 0.27068339684670045
Best model saved at epoch 532 with Test RMSE: 0.27068339684670045
Epoch 533 MSE: 0.0002622214669827372
Epoch 533 val RMSE: 0.27063544391980265
Best model saved at epoch 533 with Test RMSE: 0.27063544391980265
Epoch 534 MSE: 0.00026215583784505725
Epoch 534 val RMSE: 0.2705882672363364
Best model saved at epoch 534 with Test RMSE: 0.2705882672363364
Epoch 535 MSE: 0.0002620906743686646
Epoch 535 val RMSE: 0.270541853432645
Best model saved at epoch 535 with Test RMSE: 0.270541853432645
Epoch 536 MSE: 0.000262025510892272
Epoch 536 val RMSE: 0.2704958723717566
Best model saved at epoch 536 with Test RMSE: 0.2704958723717566
Epoch 537 MSE: 0.00026196069666184485
Epoch 537 val RMSE: 0.27045106809083935
Best model saved at epoch 537 with Test RMSE: 0.27045106809083935
Epoch 538 MSE: 0.00026189599884673953
Epoch 538 val RMSE: 0.2704067661214788
Best model saved at epoch 538 with Test RMSE: 0.2704067661214788
Epoch 539 MSE: 0.0002618317084852606
Epoch 539 val RMSE: 0.2703625257870983
Best model saved at epoch 539 with Test RMSE: 0.2703625257870983
Epoch 540 MSE: 0.0002617674763314426
Epoch 540 val RMSE: 0.27031949094872015
Best model saved at epoch 540 with Test RMSE: 0.27031949094872015
Epoch 541 MSE: 0.00026170353521592915
Epoch 541 val RMSE: 0.27027723490272915
Best model saved at epoch 541 with Test RMSE: 0.27027723490272915
Epoch 542 MSE: 0.00026164003065787256
Epoch 542 val RMSE: 0.27023528931268137
Best model saved at epoch 542 with Test RMSE: 0.27023528931268137
Epoch 543 MSE: 0.0002615764969959855
Epoch 543 val RMSE: 0.27019413688462374
Best model saved at epoch 543 with Test RMSE: 0.27019413688462374
Epoch 544 MSE: 0.0002615130797494203
Epoch 544 val RMSE: 0.27015357113817806
Best model saved at epoch 544 with Test RMSE: 0.27015357113817806
Epoch 545 MSE: 0.0002614500990603119
Epoch 545 val RMSE: 0.27011396470978
Best model saved at epoch 545 with Test RMSE: 0.27011396470978
Epoch 546 MSE: 0.00026138743851333857
Epoch 546 val RMSE: 0.2700745593766115
Best model saved at epoch 546 with Test RMSE: 0.2700745593766115
Epoch 547 MSE: 0.0002613246615510434
Epoch 547 val RMSE: 0.270035755297797
Best model saved at epoch 547 with Test RMSE: 0.270035755297797
Epoch 548 MSE: 0.00026126232114620507
Epoch 548 val RMSE: 0.26999781488488045
Best model saved at epoch 548 with Test RMSE: 0.26999781488488045
Epoch 549 MSE: 0.0002612002717796713
Epoch 549 val RMSE: 0.26996025552333686
Best model saved at epoch 549 with Test RMSE: 0.26996025552333686
Epoch 550 MSE: 0.0002611383097246289
Epoch 550 val RMSE: 0.2699233533981622
Best model saved at epoch 550 with Test RMSE: 0.2699233533981622
Epoch 551 MSE: 0.00026107626035809517
Epoch 551 val RMSE: 0.2698868741254222
Best model saved at epoch 551 with Test RMSE: 0.2698868741254222
Epoch 552 MSE: 0.0002610146766528487
Epoch 552 val RMSE: 0.26985091451158083
Best model saved at epoch 552 with Test RMSE: 0.26985091451158083
Epoch 553 MSE: 0.00026095312205143273
Epoch 553 val RMSE: 0.26981604084292077
Best model saved at epoch 553 with Test RMSE: 0.26981604084292077
Epoch 554 MSE: 0.0002608917420729995
Epoch 554 val RMSE: 0.2697812317090717
Best model saved at epoch 554 with Test RMSE: 0.2697812317090717
Epoch 555 MSE: 0.0002608309150673449
Epoch 555 val RMSE: 0.269747219081965
Best model saved at epoch 555 with Test RMSE: 0.269747219081965
Epoch 556 MSE: 0.00026076968060806394
Epoch 556 val RMSE: 0.26971350603041094
Best model saved at epoch 556 with Test RMSE: 0.26971350603041094
Epoch 557 MSE: 0.0002607090282253921
Epoch 557 val RMSE: 0.2696804103825606
Best model saved at epoch 557 with Test RMSE: 0.2696804103825606
Epoch 558 MSE: 0.0002606484049465507
Epoch 558 val RMSE: 0.26964786328880846
Best model saved at epoch 558 with Test RMSE: 0.26964786328880846
Epoch 559 MSE: 0.0002605878689792007
Epoch 559 val RMSE: 0.26961582349672225
Best model saved at epoch 559 with Test RMSE: 0.26961582349672225
Epoch 560 MSE: 0.000260527478531003
Epoch 560 val RMSE: 0.2695842082752807
Best model saved at epoch 560 with Test RMSE: 0.2695842082752807
Epoch 561 MSE: 0.00026046737912110984
Epoch 561 val RMSE: 0.26955369496531095
Best model saved at epoch 561 with Test RMSE: 0.26955369496531095
Epoch 562 MSE: 0.0002604073379188776
Epoch 562 val RMSE: 0.26952303998301874
Best model saved at epoch 562 with Test RMSE: 0.26952303998301874
Epoch 563 MSE: 0.0002603476168587804
Epoch 563 val RMSE: 0.26949300356419426
Best model saved at epoch 563 with Test RMSE: 0.26949300356419426
Epoch 564 MSE: 0.0002602878666948527
Epoch 564 val RMSE: 0.26946383476264735
Best model saved at epoch 564 with Test RMSE: 0.26946383476264735
Epoch 565 MSE: 0.0002602281456347555
Epoch 565 val RMSE: 0.2694347181085878
Best model saved at epoch 565 with Test RMSE: 0.2694347181085878
Epoch 566 MSE: 0.000260168599197641
Epoch 566 val RMSE: 0.269406096108493
Best model saved at epoch 566 with Test RMSE: 0.269406096108493
Epoch 567 MSE: 0.00026010937290266156
Epoch 567 val RMSE: 0.26937813487076406
Best model saved at epoch 567 with Test RMSE: 0.26937813487076406
Epoch 568 MSE: 0.0002600500010885298
Epoch 568 val RMSE: 0.2693503920208288
Best model saved at epoch 568 with Test RMSE: 0.2693503920208288
Epoch 569 MSE: 0.0002599911531433463
Epoch 569 val RMSE: 0.2693234485721051
Best model saved at epoch 569 with Test RMSE: 0.2693234485721051
Epoch 570 MSE: 0.0002599320432636887
Epoch 570 val RMSE: 0.2692968759296042
Best model saved at epoch 570 with Test RMSE: 0.2692968759296042
Epoch 571 MSE: 0.000259873311733827
Epoch 571 val RMSE: 0.26927060502938505
Best model saved at epoch 571 with Test RMSE: 0.26927060502938505
Epoch 572 MSE: 0.0002598143182694912
Epoch 572 val RMSE: 0.26924470514016363
Best model saved at epoch 572 with Test RMSE: 0.26924470514016363
Epoch 573 MSE: 0.00025975581957027316
Epoch 573 val RMSE: 0.26921949462876205
Best model saved at epoch 573 with Test RMSE: 0.26921949462876205
Epoch 574 MSE: 0.0002596975537016988
Epoch 574 val RMSE: 0.2691946969160729
Best model saved at epoch 574 with Test RMSE: 0.2691946969160729
Epoch 575 MSE: 0.0002596390841063112
Epoch 575 val RMSE: 0.2691702982762845
Best model saved at epoch 575 with Test RMSE: 0.2691702982762845
Epoch 576 MSE: 0.00025958058540709317
Epoch 576 val RMSE: 0.26914621577110337
Best model saved at epoch 576 with Test RMSE: 0.26914621577110337
Epoch 577 MSE: 0.00025952255236916244
Epoch 577 val RMSE: 0.2691226571207437
Best model saved at epoch 577 with Test RMSE: 0.2691226571207437
Epoch 578 MSE: 0.0002594643156044185
Epoch 578 val RMSE: 0.2690994424967624
Best model saved at epoch 578 with Test RMSE: 0.2690994424967624
Epoch 579 MSE: 0.00025940625346265733
Epoch 579 val RMSE: 0.2690765858329238
Best model saved at epoch 579 with Test RMSE: 0.2690765858329238
Epoch 580 MSE: 0.0002593483659438789
Epoch 580 val RMSE: 0.269054031836935
Best model saved at epoch 580 with Test RMSE: 0.269054031836935
Epoch 581 MSE: 0.0002592906530480832
Epoch 581 val RMSE: 0.26903219599540323
Best model saved at epoch 581 with Test RMSE: 0.26903219599540323
Epoch 582 MSE: 0.0002592327364254743
Epoch 582 val RMSE: 0.26901034453330436
Best model saved at epoch 582 with Test RMSE: 0.26901034453330436
Epoch 583 MSE: 0.00025917537277564406
Epoch 583 val RMSE: 0.26898893447189287
Best model saved at epoch 583 with Test RMSE: 0.26898893447189287
Epoch 584 MSE: 0.00025911774719133973
Epoch 584 val RMSE: 0.26896833987474555
Best model saved at epoch 584 with Test RMSE: 0.26896833987474555
Epoch 585 MSE: 0.0002590600633993745
Epoch 585 val RMSE: 0.26894781295733194
Best model saved at epoch 585 with Test RMSE: 0.26894781295733194
Epoch 586 MSE: 0.00025900264154188335
Epoch 586 val RMSE: 0.26892756152112657
Best model saved at epoch 586 with Test RMSE: 0.26892756152112657
Epoch 587 MSE: 0.00025894533609971404
Epoch 587 val RMSE: 0.2689080150841121
Best model saved at epoch 587 with Test RMSE: 0.2689080150841121
Epoch 588 MSE: 0.00025888840900734067
Epoch 588 val RMSE: 0.26888849493501205
Best model saved at epoch 588 with Test RMSE: 0.26888849493501205
Epoch 589 MSE: 0.00025883101625368
Epoch 589 val RMSE: 0.26886926433221675
Best model saved at epoch 589 with Test RMSE: 0.26886926433221675
Epoch 590 MSE: 0.0002587737108115107
Epoch 590 val RMSE: 0.26885087759219856
Best model saved at epoch 590 with Test RMSE: 0.26885087759219856
Epoch 591 MSE: 0.00025871643447317183
Epoch 591 val RMSE: 0.26883237873626464
Best model saved at epoch 591 with Test RMSE: 0.26883237873626464
Epoch 592 MSE: 0.0002586595364846289
Epoch 592 val RMSE: 0.26881422506336317
Best model saved at epoch 592 with Test RMSE: 0.26881422506336317
Epoch 593 MSE: 0.00025860260939225554
Epoch 593 val RMSE: 0.2687968324176595
Best model saved at epoch 593 with Test RMSE: 0.2687968324176595
Epoch 594 MSE: 0.0002585455367807299
Epoch 594 val RMSE: 0.2687795633866972
Best model saved at epoch 594 with Test RMSE: 0.2687795633866972
Epoch 595 MSE: 0.00025848898803815246
Epoch 595 val RMSE: 0.2687627090731482
Best model saved at epoch 595 with Test RMSE: 0.2687627090731482
Epoch 596 MSE: 0.0002584320609457791
Epoch 596 val RMSE: 0.2687457012231922
Best model saved at epoch 596 with Test RMSE: 0.2687457012231922
Epoch 597 MSE: 0.00025837551220320165
Epoch 597 val RMSE: 0.26872926066462755
Best model saved at epoch 597 with Test RMSE: 0.26872926066462755
Epoch 598 MSE: 0.0002583185560069978
Epoch 598 val RMSE: 0.26871324886720394
Best model saved at epoch 598 with Test RMSE: 0.26871324886720394
Epoch 599 MSE: 0.0002582621236797422
Epoch 599 val RMSE: 0.26869744407955837
Best model saved at epoch 599 with Test RMSE: 0.26869744407955837
Epoch 600 MSE: 0.00025820534210652113
Epoch 600 val RMSE: 0.26868241480513816
Best model saved at epoch 600 with Test RMSE: 0.26868241480513816
Epoch 601 MSE: 0.00025814867694862187
Epoch 601 val RMSE: 0.2686671212395032
Best model saved at epoch 601 with Test RMSE: 0.2686671212395032
Epoch 602 MSE: 0.00025809218641370535
Epoch 602 val RMSE: 0.26865203480233024
Best model saved at epoch 602 with Test RMSE: 0.26865203480233024
Epoch 603 MSE: 0.000258035579463467
Epoch 603 val RMSE: 0.26863784889602177
Best model saved at epoch 603 with Test RMSE: 0.26863784889602177
Epoch 604 MSE: 0.0002579792926553637
Epoch 604 val RMSE: 0.26862337101104705
Best model saved at epoch 604 with Test RMSE: 0.26862337101104705
Epoch 605 MSE: 0.00025792268570512533
Epoch 605 val RMSE: 0.2686093361478237
Best model saved at epoch 605 with Test RMSE: 0.2686093361478237
Epoch 606 MSE: 0.00025786636979319155
Epoch 606 val RMSE: 0.2685957305062926
Best model saved at epoch 606 with Test RMSE: 0.2685957305062926
Epoch 607 MSE: 0.0002578098501544446
Epoch 607 val RMSE: 0.2685822906179976
Best model saved at epoch 607 with Test RMSE: 0.2685822906179976
Epoch 608 MSE: 0.0002577536797616631
Epoch 608 val RMSE: 0.26856939102149263
Best model saved at epoch 608 with Test RMSE: 0.26856939102149263
Epoch 609 MSE: 0.00025769724743440747
Epoch 609 val RMSE: 0.2685563520900116
Best model saved at epoch 609 with Test RMSE: 0.2685563520900116
Epoch 610 MSE: 0.0002576409897301346
Epoch 610 val RMSE: 0.2685439229021566
Best model saved at epoch 610 with Test RMSE: 0.2685439229021566
Epoch 611 MSE: 0.00025758447009138763
Epoch 611 val RMSE: 0.2685316179943993
Best model saved at epoch 611 with Test RMSE: 0.2685316179943993
Epoch 612 MSE: 0.00025752835790626705
Epoch 612 val RMSE: 0.26851961773858096
Best model saved at epoch 612 with Test RMSE: 0.26851961773858096
Epoch 613 MSE: 0.00025747204199433327
Epoch 613 val RMSE: 0.2685075059539538
Best model saved at epoch 613 with Test RMSE: 0.2685075059539538
Epoch 614 MSE: 0.0002574156678747386
Epoch 614 val RMSE: 0.26849626772700025
Best model saved at epoch 614 with Test RMSE: 0.26849626772700025
Epoch 615 MSE: 0.0002573594974819571
Epoch 615 val RMSE: 0.26848483477641183
Best model saved at epoch 615 with Test RMSE: 0.26848483477641183
Epoch 616 MSE: 0.00025730321067385375
Epoch 616 val RMSE: 0.26847374823438547
Best model saved at epoch 616 with Test RMSE: 0.26847374823438547
Epoch 617 MSE: 0.00025724683655425906
Epoch 617 val RMSE: 0.26846310527836476
Best model saved at epoch 617 with Test RMSE: 0.26846310527836476
Epoch 618 MSE: 0.0002571907243691385
Epoch 618 val RMSE: 0.2684526006694487
Best model saved at epoch 618 with Test RMSE: 0.2684526006694487
Epoch 619 MSE: 0.0002571344084572047
Epoch 619 val RMSE: 0.26844222054644085
Best model saved at epoch 619 with Test RMSE: 0.26844222054644085
Epoch 620 MSE: 0.0002570783253759146
Epoch 620 val RMSE: 0.2684322702389115
Best model saved at epoch 620 with Test RMSE: 0.2684322702389115
Epoch 621 MSE: 0.0002570220676716417
Epoch 621 val RMSE: 0.2684223473194607
Best model saved at epoch 621 with Test RMSE: 0.2684223473194607
Epoch 622 MSE: 0.00025696580996736884
Epoch 622 val RMSE: 0.2684126877336348
Best model saved at epoch 622 with Test RMSE: 0.2684126877336348
Epoch 623 MSE: 0.0002569092612247914
Epoch 623 val RMSE: 0.26840354133986455
Best model saved at epoch 623 with Test RMSE: 0.26840354133986455
Epoch 624 MSE: 0.0002568532363511622
Epoch 624 val RMSE: 0.26839428359509115
Best model saved at epoch 624 with Test RMSE: 0.26839428359509115
Epoch 625 MSE: 0.00025679694954305887
Epoch 625 val RMSE: 0.26838555298548905
Best model saved at epoch 625 with Test RMSE: 0.26838555298548905
Epoch 626 MSE: 0.0002567405463196337
Epoch 626 val RMSE: 0.2683767665685853
Best model saved at epoch 626 with Test RMSE: 0.2683767665685853
Epoch 627 MSE: 0.0002566842595115304
Epoch 627 val RMSE: 0.2683683685394904
Best model saved at epoch 627 with Test RMSE: 0.2683683685394904
Epoch 628 MSE: 0.00025662791449576616
Epoch 628 val RMSE: 0.2683599147208171
Best model saved at epoch 628 with Test RMSE: 0.2683599147208171
Epoch 629 MSE: 0.00025657168589532375
Epoch 629 val RMSE: 0.2683517660425469
Best model saved at epoch 629 with Test RMSE: 0.2683517660425469
Epoch 630 MSE: 0.00025651531177572906
Epoch 630 val RMSE: 0.26834401971011157
Best model saved at epoch 630 with Test RMSE: 0.26834401971011157
Epoch 631 MSE: 0.00025645887944847345
Epoch 631 val RMSE: 0.2683366063438643
Best model saved at epoch 631 with Test RMSE: 0.2683366063438643
Epoch 632 MSE: 0.0002564026217442006
Epoch 632 val RMSE: 0.26832897064017086
Best model saved at epoch 632 with Test RMSE: 0.26832897064017086
Epoch 633 MSE: 0.00025634607300162315
Epoch 633 val RMSE: 0.268321778996906
Best model saved at epoch 633 with Test RMSE: 0.268321778996906
Epoch 634 MSE: 0.00025628964067436755
Epoch 634 val RMSE: 0.2683144622044997
Best model saved at epoch 634 with Test RMSE: 0.2683144622044997
Epoch 635 MSE: 0.0002562331792432815
Epoch 635 val RMSE: 0.26830779777972047
Best model saved at epoch 635 with Test RMSE: 0.26830779777972047
Epoch 636 MSE: 0.00025617689243517816
Epoch 636 val RMSE: 0.26830156361586
Best model saved at epoch 636 with Test RMSE: 0.26830156361586
Epoch 637 MSE: 0.000256120169069618
Epoch 637 val RMSE: 0.26829471836486285
Best model saved at epoch 637 with Test RMSE: 0.26829471836486285
Epoch 638 MSE: 0.00025606362032704055
Epoch 638 val RMSE: 0.2682884838970787
Best model saved at epoch 638 with Test RMSE: 0.2682884838970787
Epoch 639 MSE: 0.0002560068678576499
Epoch 639 val RMSE: 0.2682825131128311
Best model saved at epoch 639 with Test RMSE: 0.2682825131128311
Epoch 640 MSE: 0.00025595040642656386
Epoch 640 val RMSE: 0.2682764311076076
Best model saved at epoch 640 with Test RMSE: 0.2682764311076076
Epoch 641 MSE: 0.00025589356664568186
Epoch 641 val RMSE: 0.2682707516677336
Best model saved at epoch 641 with Test RMSE: 0.2682707516677336
Epoch 642 MSE: 0.0002558367559686303
Epoch 642 val RMSE: 0.268265308179751
Best model saved at epoch 642 with Test RMSE: 0.268265308179751
Epoch 643 MSE: 0.0002557802072260529
Epoch 643 val RMSE: 0.2682601006580236
Best model saved at epoch 643 with Test RMSE: 0.2682601006580236
Epoch 644 MSE: 0.0002557231637183577
Epoch 644 val RMSE: 0.26825494858371485
Best model saved at epoch 644 with Test RMSE: 0.26825494858371485
Epoch 645 MSE: 0.00025566626572981477
Epoch 645 val RMSE: 0.26824982418523824
Best model saved at epoch 645 with Test RMSE: 0.26824982418523824
Epoch 646 MSE: 0.0002556093968451023
Epoch 646 val RMSE: 0.26824493577892783
Best model saved at epoch 646 with Test RMSE: 0.26824493577892783
Epoch 647 MSE: 0.000255552411545068
Epoch 647 val RMSE: 0.26824046392013434
Best model saved at epoch 647 with Test RMSE: 0.26824046392013434
Epoch 648 MSE: 0.00025549533893354237
Epoch 648 val RMSE: 0.26823604753921326
Best model saved at epoch 648 with Test RMSE: 0.26823604753921326
Epoch 649 MSE: 0.000255438091699034
Epoch 649 val RMSE: 0.2682318532988183
Best model saved at epoch 649 with Test RMSE: 0.2682318532988183
Epoch 650 MSE: 0.0002553812228143215
Epoch 650 val RMSE: 0.26822771454698885
Best model saved at epoch 650 with Test RMSE: 0.26822771454698885
Epoch 651 MSE: 0.0002553237718529999
Epoch 651 val RMSE: 0.2682236729525327
Best model saved at epoch 651 with Test RMSE: 0.2682236729525327
Epoch 652 MSE: 0.00025526678655296564
Epoch 652 val RMSE: 0.2682198674093022
Best model saved at epoch 652 with Test RMSE: 0.2682198674093022
Epoch 653 MSE: 0.0002552094520069659
Epoch 653 val RMSE: 0.2682162423708301
Best model saved at epoch 653 with Test RMSE: 0.2682162423708301
Epoch 654 MSE: 0.0002551520010456443
Epoch 654 val RMSE: 0.26821303396257606
Best model saved at epoch 654 with Test RMSE: 0.26821303396257606
Epoch 655 MSE: 0.0002550946082919836
Epoch 655 val RMSE: 0.26820965884234094
Best model saved at epoch 655 with Test RMSE: 0.26820965884234094
Epoch 656 MSE: 0.00025503698270767927
Epoch 656 val RMSE: 0.26820639479677705
Best model saved at epoch 656 with Test RMSE: 0.26820639479677705
Epoch 657 MSE: 0.00025497926981188357
Epoch 657 val RMSE: 0.2682036724134993
Best model saved at epoch 657 with Test RMSE: 0.2682036724134993
Epoch 658 MSE: 0.00025492155691608787
Epoch 658 val RMSE: 0.26820047774482125
Best model saved at epoch 658 with Test RMSE: 0.26820047774482125
Epoch 659 MSE: 0.000254863960435614
Epoch 659 val RMSE: 0.2681979914328657
Best model saved at epoch 659 with Test RMSE: 0.2681979914328657
Epoch 660 MSE: 0.0002548061602283269
Epoch 660 val RMSE: 0.2681952134034165
Best model saved at epoch 660 with Test RMSE: 0.2681952134034165
Epoch 661 MSE: 0.00025474809808656573
Epoch 661 val RMSE: 0.2681930604108011
Best model saved at epoch 661 with Test RMSE: 0.2681930604108011
Epoch 662 MSE: 0.0002546901232562959
Epoch 662 val RMSE: 0.2681910324148525
Best model saved at epoch 662 with Test RMSE: 0.2681910324148525
Epoch 663 MSE: 0.00025463217752985656
Epoch 663 val RMSE: 0.26818862935870563
Best model saved at epoch 663 with Test RMSE: 0.26818862935870563
Epoch 664 MSE: 0.0002545739116612822
Epoch 664 val RMSE: 0.2681867819078371
Best model saved at epoch 664 with Test RMSE: 0.2681867819078371
Epoch 665 MSE: 0.00025451561668887734
Epoch 665 val RMSE: 0.2681852539313378
Best model saved at epoch 665 with Test RMSE: 0.2681852539313378
Epoch 666 MSE: 0.00025445735082030296
Epoch 666 val RMSE: 0.2681835175838394
Best model saved at epoch 666 with Test RMSE: 0.2681835175838394
Epoch 667 MSE: 0.00025439885212108493
Epoch 667 val RMSE: 0.26818207293415314
Best model saved at epoch 667 with Test RMSE: 0.26818207293415314
Epoch 668 MSE: 0.0002543404989410192
Epoch 668 val RMSE: 0.2681805449308241
Best model saved at epoch 668 with Test RMSE: 0.2681805449308241
Epoch 669 MSE: 0.00025428200024180114
Epoch 669 val RMSE: 0.26817935030397555
Best model saved at epoch 669 with Test RMSE: 0.26817935030397555
Epoch 670 MSE: 0.0002542230940889567
Epoch 670 val RMSE: 0.26817853073131565
Best model saved at epoch 670 with Test RMSE: 0.26817853073131565
Epoch 671 MSE: 0.000254164362559095
Epoch 671 val RMSE: 0.268177572244858
Best model saved at epoch 671 with Test RMSE: 0.268177572244858
Epoch 672 MSE: 0.0002541053108870983
Epoch 672 val RMSE: 0.26817693325198305
Best model saved at epoch 672 with Test RMSE: 0.26817693325198305
Epoch 673 MSE: 0.0002540461136959493
Epoch 673 val RMSE: 0.2681760719983078
Best model saved at epoch 673 with Test RMSE: 0.2681760719983078
Epoch 674 MSE: 0.0002539872657507658
Epoch 674 val RMSE: 0.2681756552616655
Best model saved at epoch 674 with Test RMSE: 0.2681756552616655
Epoch 675 MSE: 0.00025392789393663406
Epoch 675 val RMSE: 0.26817536354563054
Best model saved at epoch 675 with Test RMSE: 0.26817536354563054
Epoch 676 MSE: 0.00025386843481101096
Epoch 676 val RMSE: 0.26817528019813375
Best model saved at epoch 676 with Test RMSE: 0.26817528019813375
Epoch 677 MSE: 0.00025380903389304876
Epoch 677 val RMSE: 0.268175196850611
Best model saved at epoch 677 with Test RMSE: 0.268175196850611
Epoch 678 MSE: 0.0002537492837291211
Epoch 678 val RMSE: 0.268175294089385
Epoch 679 MSE: 0.00025368964998051524
Epoch 679 val RMSE: 0.26817539132812374
Epoch 680 MSE: 0.0002536298707127571
Epoch 680 val RMSE: 0.2681759191949475
Epoch 681 MSE: 0.00025356982951052487
Epoch 681 val RMSE: 0.26817622480158104
Epoch 682 MSE: 0.000253509875619784
Epoch 682 val RMSE: 0.26817687768731324
Epoch 683 MSE: 0.0002534493978600949
Epoch 683 val RMSE: 0.26817754446259073
Epoch 684 MSE: 0.00025338909472338855
Epoch 684 val RMSE: 0.2681783779293563
Epoch 685 MSE: 0.00025332882069051266
Epoch 685 val RMSE: 0.2681795725605364
Epoch 686 MSE: 0.00025326808099634945
Epoch 686 val RMSE: 0.26818071162251944
Epoch 687 MSE: 0.0002532072539906949
Epoch 687 val RMSE: 0.2681821007159513
Epoch 688 MSE: 0.0002531463687773794
Epoch 688 val RMSE: 0.26818332311221954
Epoch 689 MSE: 0.0002530851343180984
Epoch 689 val RMSE: 0.26818478164593124
Epoch 690 MSE: 0.000253023870754987
Epoch 690 val RMSE: 0.26818674023586625
Epoch 691 MSE: 0.0002529625198803842
Epoch 691 val RMSE: 0.2681883654379321
Epoch 692 MSE: 0.0002529010525904596
Epoch 692 val RMSE: 0.26819021287789235
Epoch 693 MSE: 0.00025283932336606085
Epoch 693 val RMSE: 0.2681926020294965
Epoch 694 MSE: 0.00025277744862250984
Epoch 694 val RMSE: 0.2681947272453044
Epoch 695 MSE: 0.0002527152537368238
Epoch 695 val RMSE: 0.268197033015957
Epoch 696 MSE: 0.00025265332078561187
Epoch 696 val RMSE: 0.2681994359968074
Epoch 697 MSE: 0.00025259071844629943
Epoch 697 val RMSE: 0.26820218620280445
Epoch 698 MSE: 0.00025252829072996974
Epoch 698 val RMSE: 0.2682049919394573
Epoch 699 MSE: 0.00025246525183320045
Epoch 699 val RMSE: 0.26820782542589267
Epoch 700 MSE: 0.00025240241666324437
Epoch 700 val RMSE: 0.2682106866612311
Epoch 701 MSE: 0.0002523393486626446
Epoch 701 val RMSE: 0.2682137978727843
Epoch 702 MSE: 0.00025227601872757077
Epoch 702 val RMSE: 0.2682172979426443
Epoch 703 MSE: 0.000252212310442701
Epoch 703 val RMSE: 0.2682205201888023
Epoch 704 MSE: 0.000252148718573153
Epoch 704 val RMSE: 0.26822435350019297
Epoch 705 MSE: 0.00025208486476913095
Epoch 705 val RMSE: 0.2682280478716483
Epoch 706 MSE: 0.00025202063261531293
Epoch 706 val RMSE: 0.2682318532988183
Epoch 707 MSE: 0.0002519562840461731
Epoch 707 val RMSE: 0.26823568644824936
Epoch 708 MSE: 0.00025189173175022006
Epoch 708 val RMSE: 0.26823974174961074
Epoch 709 MSE: 0.0002518268011044711
Epoch 709 val RMSE: 0.2682441997327612
Epoch 710 MSE: 0.0002517618704587221
Epoch 710 val RMSE: 0.268248504879812
Epoch 711 MSE: 0.0002516964450478554
Epoch 711 val RMSE: 0.2682534487699031
Epoch 712 MSE: 0.00025163087411783636
Epoch 712 val RMSE: 0.2682579481861822
Epoch 713 MSE: 0.0002515652740839869
Epoch 713 val RMSE: 0.2682627113748856
Epoch 714 MSE: 0.0002514991210773587
Epoch 714 val RMSE: 0.26826765500316596
Epoch 715 MSE: 0.0002514328807592392
Epoch 715 val RMSE: 0.26827255688170637
Epoch 716 MSE: 0.0002513662911951542
Epoch 716 val RMSE: 0.2682780418804047
Epoch 717 MSE: 0.000251299497904256
Epoch 717 val RMSE: 0.2682835961951885
Epoch 718 MSE: 0.0002512326173018664
Epoch 718 val RMSE: 0.2682892059364001
Epoch 719 MSE: 0.00025116497999988496
Epoch 719 val RMSE: 0.26829496829596305
Epoch 720 MSE: 0.00025109745911322534
Epoch 720 val RMSE: 0.2683010915351912
Epoch 721 MSE: 0.00025102950166910887
Epoch 721 val RMSE: 0.2683071035592862
Epoch 722 MSE: 0.00025096116587519646
Epoch 722 val RMSE: 0.26831312933278645
Epoch 723 MSE: 0.0002508928009774536
Epoch 723 val RMSE: 0.2683196825549597
Epoch 724 MSE: 0.00025082382489927113
Epoch 724 val RMSE: 0.26832606901579453
Epoch 725 MSE: 0.00025075473240576684
Epoch 725 val RMSE: 0.2683328718177507
Epoch 726 MSE: 0.0002506850578356534
Epoch 726 val RMSE: 0.2683398965710158
Epoch 727 MSE: 0.00025061509222723544
Epoch 727 val RMSE: 0.2683470460816569
Epoch 728 MSE: 0.0002505451557226479
Epoch 728 val RMSE: 0.26835411210986637
Epoch 729 MSE: 0.00025047434610314667
Epoch 729 val RMSE: 0.2683615111109134
Epoch 730 MSE: 0.00025040359469130635
Epoch 730 val RMSE: 0.2683694096317472
Epoch 731 MSE: 0.0002503322612028569
Epoch 731 val RMSE: 0.26837705806570245
Epoch 732 MSE: 0.0002502606366761029
Epoch 732 val RMSE: 0.268385150454509
Epoch 733 MSE: 0.00025018860469572246
Epoch 733 val RMSE: 0.2683934369188371
Epoch 734 MSE: 0.00025011631078086793
Epoch 734 val RMSE: 0.2684019313202331
Epoch 735 MSE: 0.00025004326016642153
Epoch 735 val RMSE: 0.26841038381555704
Epoch 736 MSE: 0.00024996991851367056
Epoch 736 val RMSE: 0.26841952997616997
Epoch 737 MSE: 0.0002498964895494282
Epoch 737 val RMSE: 0.26842813457720505
Epoch 738 MSE: 0.00024982233298942447
Epoch 738 val RMSE: 0.2684377242188411
Epoch 739 MSE: 0.0002497477107681334
Epoch 739 val RMSE: 0.26844772983283166
Epoch 740 MSE: 0.00024967253557406366
Epoch 740 val RMSE: 0.268457041241204
Epoch 741 MSE: 0.0002495972439646721
Epoch 741 val RMSE: 0.268467018382949
Epoch 742 MSE: 0.00024952128296718
Epoch 742 val RMSE: 0.2684772310397104
Epoch 743 MSE: 0.00024944476899690926
Epoch 743 val RMSE: 0.2684876653095239
Epoch 744 MSE: 0.00024936781846918166
Epoch 744 val RMSE: 0.2684985154100218
Epoch 745 MSE: 0.0002492904313839972
Epoch 745 val RMSE: 0.2685092124583921
Epoch 746 MSE: 0.0002492124622222036
Epoch 746 val RMSE: 0.26852101895217423
Epoch 747 MSE: 0.00024913385277614
Epoch 747 val RMSE: 0.26853249198051915
Epoch 748 MSE: 0.00024905477766878903
Epoch 748 val RMSE: 0.2685444639167278
Epoch 749 MSE: 0.00024897497496567667
Epoch 749 val RMSE: 0.2685563937046297
Epoch 750 MSE: 0.00024889479391276836
Epoch 750 val RMSE: 0.2685690581204787
Epoch 751 MSE: 0.00024881408899091184
Epoch 751 val RMSE: 0.2685820270840534
Epoch 752 MSE: 0.0002487325109541416
Epoch 752 val RMSE: 0.26859499542142873
Epoch 753 MSE: 0.0002486504672560841
Epoch 753 val RMSE: 0.2686086981820713
Epoch 754 MSE: 0.00024856769596226513
Epoch 754 val RMSE: 0.2686225943974654
Epoch 755 MSE: 0.00024848428438417614
Epoch 755 val RMSE: 0.2686367533745423
Epoch 756 MSE: 0.00024840011610649526
Epoch 756 val RMSE: 0.2686514524045001
Epoch 757 MSE: 0.00024831536575220525
Epoch 757 val RMSE: 0.2686665111426723
Epoch 758 MSE: 0.00024822985869832337
Epoch 758 val RMSE: 0.26868210977425944
Epoch 759 MSE: 0.0002481436531525105
Epoch 759 val RMSE: 0.268697624314833
Epoch 760 MSE: 0.0002480566326994449
Epoch 760 val RMSE: 0.2687140806723825
Epoch 761 MSE: 0.00024796900106593966
Epoch 761 val RMSE: 0.2687311736986978
Epoch 762 MSE: 0.00024788029259070754
Epoch 762 val RMSE: 0.26874797454336874
Epoch 763 MSE: 0.0002477909729350358
Epoch 763 val RMSE: 0.2687661188304146
Epoch 764 MSE: 0.0002477009256836027
Epoch 764 val RMSE: 0.26878392925774336
Epoch 765 MSE: 0.00024760985979810357
Epoch 765 val RMSE: 0.2688031105303243
Epoch 766 MSE: 0.0002475178334861994
Epoch 766 val RMSE: 0.2688228447464013
Epoch 767 MSE: 0.0002474251377861947
Epoch 767 val RMSE: 0.26884245280292396
Epoch 768 MSE: 0.0002473315398674458
Epoch 768 val RMSE: 0.2688634588583531
Epoch 769 MSE: 0.00024723669048398733
Epoch 769 val RMSE: 0.2688847126556529
Epoch 770 MSE: 0.0002471413172315806
Epoch 770 val RMSE: 0.26890657432665155
Epoch 771 MSE: 0.00024704483803361654
Epoch 771 val RMSE: 0.2689295978152034
Epoch 772 MSE: 0.00024694710737094283
Epoch 772 val RMSE: 0.2689529240569291
Epoch 773 MSE: 0.00024684867821633816
Epoch 773 val RMSE: 0.26897721776600203
Epoch 774 MSE: 0.0002467490849085152
Epoch 774 val RMSE: 0.26900218786090857
Epoch 775 MSE: 0.00024664861848577857
Epoch 775 val RMSE: 0.2690282080282608
Epoch 776 MSE: 0.00024654675507918
Epoch 776 val RMSE: 0.26905515335101604
Epoch 777 MSE: 0.00024644407676532865
Epoch 777 val RMSE: 0.2690827466633051
Epoch 778 MSE: 0.00024634020519442856
Epoch 778 val RMSE: 0.2691115830120507
Epoch 779 MSE: 0.00024623519857414067
Epoch 779 val RMSE: 0.2691413574873171
Epoch 780 MSE: 0.0002461289113853127
Epoch 780 val RMSE: 0.2691723050544586
Epoch 781 MSE: 0.0002460218092892319
Epoch 781 val RMSE: 0.26920421773662284
Epoch 782 MSE: 0.00024591319379396737
Epoch 782 val RMSE: 0.26923762097587334
Epoch 783 MSE: 0.00024580350145697594
Epoch 783 val RMSE: 0.2692719885003837
Epoch 784 MSE: 0.00024569270317442715
Epoch 784 val RMSE: 0.269307624263719
Epoch 785 MSE: 0.00024558097356930375
Epoch 785 val RMSE: 0.26934466607194396
Epoch 786 MSE: 0.0002454677305649966
Epoch 786 val RMSE: 0.26938308568710334
Epoch 787 MSE: 0.000245353439822793
Epoch 787 val RMSE: 0.2694229931351591
Epoch 788 MSE: 0.00024523792671971023
Epoch 788 val RMSE: 0.26946441540466226
Epoch 789 MSE: 0.00024512133677490056
Epoch 789 val RMSE: 0.2695075591359533
Epoch 790 MSE: 0.00024500361178070307
Epoch 790 val RMSE: 0.2695523129401642
Epoch 791 MSE: 0.00024488489725627005
Epoch 791 val RMSE: 0.269598676015471
Epoch 792 MSE: 0.0002447645820211619
Epoch 792 val RMSE: 0.26964691002523794
Epoch 793 MSE: 0.0002446439175400883
Epoch 793 val RMSE: 0.26969672389517685
Epoch 794 MSE: 0.00024452173965983093
Epoch 794 val RMSE: 0.26974890393342926
Epoch 795 MSE: 0.00024439868866465986
Epoch 795 val RMSE: 0.26980263412796596
Epoch 796 MSE: 0.00024427491007372737
Epoch 796 val RMSE: 0.2698588660710638
Epoch 797 MSE: 0.00024415028747171164
Epoch 797 val RMSE: 0.26991675630124157
Epoch 798 MSE: 0.000244024588027969
Epoch 798 val RMSE: 0.26997671770891185
Epoch 799 MSE: 0.00024389848113059998
Epoch 799 val RMSE: 0.27003925934338385
Epoch 800 MSE: 0.00024377166118938476
Epoch 800 val RMSE: 0.2701036622253211
Epoch 801 MSE: 0.00024364428827539086
Epoch 801 val RMSE: 0.2701703662615086
Epoch 802 MSE: 0.00024351669708266854
Epoch 802 val RMSE: 0.270239300822183
Epoch 803 MSE: 0.00024338890216313303
Epoch 803 val RMSE: 0.27031029882251445
Epoch 804 MSE: 0.00024326075799763203
Epoch 804 val RMSE: 0.2703837306376219
Epoch 805 MSE: 0.00024313278845511377
Epoch 805 val RMSE: 0.27045904332752757
Epoch 806 MSE: 0.0002430044551147148
Epoch 806 val RMSE: 0.270536896281738
Epoch 807 MSE: 0.00024287689302582294
Epoch 807 val RMSE: 0.2706165852460836
Epoch 808 MSE: 0.00024274930183310062
Epoch 808 val RMSE: 0.2706983287876303
Epoch 809 MSE: 0.00024262239458039403
Epoch 809 val RMSE: 0.27078180862254675
Epoch 810 MSE: 0.00024249583657365292
Epoch 810 val RMSE: 0.27086742198819846
Epoch 811 MSE: 0.00024237032630480826
Epoch 811 val RMSE: 0.2709547406511339
Epoch 812 MSE: 0.00024224544176831841
Epoch 812 val RMSE: 0.2710430482618543
Epoch 813 MSE: 0.00024212147400248796
Epoch 813 val RMSE: 0.2711334155523499
Epoch 814 MSE: 0.00024199830659199506
Epoch 814 val RMSE: 0.2712245631047156
Epoch 815 MSE: 0.00024187652161344886
Epoch 815 val RMSE: 0.271316998157767
Epoch 816 MSE: 0.00024175582802854478
Epoch 816 val RMSE: 0.27141056841377853
Epoch 817 MSE: 0.00024163624038919806
Epoch 817 val RMSE: 0.271504339677857
Epoch 818 MSE: 0.00024151781690306962
Epoch 818 val RMSE: 0.2715991347111288
Epoch 819 MSE: 0.0002414003829471767
Epoch 819 val RMSE: 0.2716940063608386
Epoch 820 MSE: 0.0002412840840406716
Epoch 820 val RMSE: 0.2717895439279874
Epoch 821 MSE: 0.00024116926942951977
Epoch 821 val RMSE: 0.27188430803084446
Epoch 822 MSE: 0.0002410551969660446
Epoch 822 val RMSE: 0.2719793404488877
Epoch 823 MSE: 0.00024094209948088974
Epoch 823 val RMSE: 0.2720740247529321
Epoch 824 MSE: 0.00024083016614895314
Epoch 824 val RMSE: 0.27216754005817206
Epoch 825 MSE: 0.00024071900406852365
Epoch 825 val RMSE: 0.272260859049565
Epoch 826 MSE: 0.00024060883151832968
Epoch 826 val RMSE: 0.2723529287116707
Epoch 827 MSE: 0.00024049899366218597
Epoch 827 val RMSE: 0.27244379133191926
Epoch 828 MSE: 0.00024039034906309098
Epoch 828 val RMSE: 0.2725337214997016
Epoch 829 MSE: 0.00024028208281379193
Epoch 829 val RMSE: 0.2726219412524056
Epoch 830 MSE: 0.00024017441319301724
Epoch 830 val RMSE: 0.27270872545663394
Epoch 831 MSE: 0.00024006750027183443
Epoch 831 val RMSE: 0.2727939389219012
Epoch 832 MSE: 0.00023996105301193893
Epoch 832 val RMSE: 0.27287706434803205
Epoch 833 MSE: 0.00023985488223843277
Epoch 833 val RMSE: 0.272958690499441
Epoch 834 MSE: 0.0002397493226453662
Epoch 834 val RMSE: 0.27303870957025483
Epoch 835 MSE: 0.00023964418505784124
Epoch 835 val RMSE: 0.2731166728559452
Epoch 836 MSE: 0.00023953933850862086
Epoch 836 val RMSE: 0.2731927048417092
Epoch 837 MSE: 0.00023943498672451824
Epoch 837 val RMSE: 0.2732664526962247
Epoch 838 MSE: 0.00023933073680382222
Epoch 838 val RMSE: 0.27333930841075266
Epoch 839 MSE: 0.000239226792473346
Epoch 839 val RMSE: 0.27340914715500614
Epoch 840 MSE: 0.00023912299366202205
Epoch 840 val RMSE: 0.2734784231897704
Epoch 841 MSE: 0.0002390195440966636
Epoch 841 val RMSE: 0.273544903506274
Epoch 842 MSE: 0.00023891594901215285
Epoch 842 val RMSE: 0.2736111770560954
Epoch 843 MSE: 0.00023881254310254008
Epoch 843 val RMSE: 0.27367354150472145
Epoch 844 MSE: 0.00023870910808909684
Epoch 844 val RMSE: 0.2737377017450654
Epoch 845 MSE: 0.0002386054547969252
Epoch 845 val RMSE: 0.27379599639868296
Epoch 846 MSE: 0.00023850185971241444
Epoch 846 val RMSE: 0.27385808750846113
Epoch 847 MSE: 0.0002383982646279037
Epoch 847 val RMSE: 0.27391235808260583
Epoch 848 MSE: 0.00023829421843402088
Epoch 848 val RMSE: 0.2739733350415151
Epoch 849 MSE: 0.00023819012858439237
Epoch 849 val RMSE: 0.2740219137920234
Epoch 850 MSE: 0.00023808548576198518
Epoch 850 val RMSE: 0.2740841847826277
Epoch 851 MSE: 0.00023798087204340845
Epoch 851 val RMSE: 0.2741241960448493
Epoch 852 MSE: 0.00023787566169630736
Epoch 852 val RMSE: 0.2741927887237158
Epoch 853 MSE: 0.00023777021851856261
Epoch 853 val RMSE: 0.27421511025472134
Epoch 854 MSE: 0.00023766430967953056
Epoch 854 val RMSE: 0.2743028843155432
Epoch 855 MSE: 0.00023755810980219394
Epoch 855 val RMSE: 0.2742879720409389
Epoch 856 MSE: 0.00023745193902868778
Epoch 856 val RMSE: 0.2744282077388108
Epoch 857 MSE: 0.00023734568094369024
Epoch 857 val RMSE: 0.27431995502266443
Epoch 858 MSE: 0.00023724041238892823
Epoch 858 val RMSE: 0.27460776989224905
Epoch 859 MSE: 0.00023713898553978652
Epoch 859 val RMSE: 0.27425094589376287
Epoch 860 MSE: 0.0002370483271079138
Epoch 860 val RMSE: 0.27497060683696806
Epoch 861 MSE: 0.00023698917357251048
Epoch 861 val RMSE: 0.2739180157490595
Epoch 862 MSE: 0.00023702454927843064
Epoch 862 val RMSE: 0.2760196023196132
Epoch 863 MSE: 0.00023734326532576233
Epoch 863 val RMSE: 0.27306227142628264
Epoch 864 MSE: 0.00023855126346461475
Epoch 864 val RMSE: 0.2802114517837252
Epoch 865 MSE: 0.000242504189372994
Epoch 865 val RMSE: 0.2737855739428401
Epoch 866 MSE: 0.0002553787489887327
Epoch 866 val RMSE: 0.3009273743832335
Epoch 867 MSE: 0.00029276017448864877
Epoch 867 val RMSE: 0.30272523189396866
Epoch 868 MSE: 0.00039026886224746704
Epoch 868 val RMSE: 0.3553994918257172
Epoch 869 MSE: 0.000555170641746372
Epoch 869 val RMSE: 0.33813821398357286
Epoch 870 MSE: 0.0005879242671653628
Epoch 870 val RMSE: 0.31555663350394836
Epoch 871 MSE: 0.0004690515052061528
Epoch 871 val RMSE: 0.2683263883348462
Epoch 872 MSE: 0.0002718640607781708
Epoch 872 val RMSE: 0.2789534878731352
Epoch 873 MSE: 0.0003057077119592577
Epoch 873 val RMSE: 0.31974418745357513
Epoch 874 MSE: 0.00042979465797543526
Epoch 874 val RMSE: 0.28079674543738925
Epoch 875 MSE: 0.0003444369067437947
Epoch 875 val RMSE: 0.2728891323604656
Epoch 876 MSE: 0.0002519259287510067
Epoch 876 val RMSE: 0.29946504918976086
Epoch 877 MSE: 0.00031526832026429474
Epoch 877 val RMSE: 0.2830602877600555
Epoch 878 MSE: 0.00033633015118539333
Epoch 878 val RMSE: 0.2783012651317062
Epoch 879 MSE: 0.0002651708491612226
Epoch 879 val RMSE: 0.2830334780094565
Epoch 880 MSE: 0.00026597612304612994
Epoch 880 val RMSE: 0.2793255104377458
Epoch 881 MSE: 0.00030247282120399177
Epoch 881 val RMSE: 0.27890189458614556
Epoch 882 MSE: 0.000271596567472443
Epoch 882 val RMSE: 0.27656110289053754
Epoch 883 MSE: 0.000258158688666299
Epoch 883 val RMSE: 0.2795392565276256
Epoch 884 MSE: 0.0002794697938952595
Epoch 884 val RMSE: 0.2788744713339247
Epoch 885 MSE: 0.00026229131617583334
Epoch 885 val RMSE: 0.2752935089506578
Epoch 886 MSE: 0.0002538743428885937
Epoch 886 val RMSE: 0.28066737704619427
Epoch 887 MSE: 0.00026834808522835374
Epoch 887 val RMSE: 0.27819336790239557
Epoch 888 MSE: 0.00025460016331635416
Epoch 888 val RMSE: 0.2742326754650525
Epoch 889 MSE: 0.0002501106937415898
Epoch 889 val RMSE: 0.27788598151908095
Epoch 890 MSE: 0.000261867418885231
Epoch 890 val RMSE: 0.2758117188866829
Epoch 891 MSE: 0.00024796862271614373
Epoch 891 val RMSE: 0.2724200802594319
Epoch 892 MSE: 0.0002448554732836783
Epoch 892 val RMSE: 0.2743509294643964
Epoch 893 MSE: 0.0002574334794189781
Epoch 893 val RMSE: 0.2742433661907806
Epoch 894 MSE: 0.00024595644208602607
Epoch 894 val RMSE: 0.2722368583642562
Epoch 895 MSE: 0.00024162387126125395
Epoch 895 val RMSE: 0.27316180363128484
Epoch 896 MSE: 0.000252427882514894
Epoch 896 val RMSE: 0.2747505676942259
Epoch 897 MSE: 0.0002442944678477943
Epoch 897 val RMSE: 0.2736016325847189
Epoch 898 MSE: 0.0002393950562691316
Epoch 898 val RMSE: 0.2730933748743126
Epoch 899 MSE: 0.00024764944100752473
Epoch 899 val RMSE: 0.27519404381919155
Epoch 900 MSE: 0.0002429316664347425
Epoch 900 val RMSE: 0.27404346080227715
Epoch 901 MSE: 0.00023865907860454172
Epoch 901 val RMSE: 0.2725645025713752
Epoch 902 MSE: 0.00024349286104552448
Epoch 902 val RMSE: 0.2743101907625516
Epoch 903 MSE: 0.000240687993937172
Epoch 903 val RMSE: 0.27351914957886947
Epoch 904 MSE: 0.0002384433028055355
Epoch 904 val RMSE: 0.27205982557735364
Epoch 905 MSE: 0.00024127773940563202
Epoch 905 val RMSE: 0.2739287323546261
Epoch 906 MSE: 0.00023885027621872723
Epoch 906 val RMSE: 0.273741430579578
Epoch 907 MSE: 0.0002378145873080939
Epoch 907 val RMSE: 0.27225403124782055
Epoch 908 MSE: 0.00023955160577315837
Epoch 908 val RMSE: 0.2746488984969069
Epoch 909 MSE: 0.0002370509027969092
Epoch 909 val RMSE: 0.27437292584827905
Epoch 910 MSE: 0.00023661360319238156
Epoch 910 val RMSE: 0.2725215420607425
Epoch 911 MSE: 0.00023835421598050743
Epoch 911 val RMSE: 0.2748676908344392
Epoch 912 MSE: 0.0002360972430324182
Epoch 912 val RMSE: 0.2740805149790777
Epoch 913 MSE: 0.00023536109074484557
Epoch 913 val RMSE: 0.2721766010252752
Epoch 914 MSE: 0.00023708322260063142
Epoch 914 val RMSE: 0.2744275425759715
Epoch 915 MSE: 0.00023564272851217538
Epoch 915 val RMSE: 0.2735791384478674
Epoch 916 MSE: 0.00023461095406673849
Epoch 916 val RMSE: 0.2721718378958854
Epoch 917 MSE: 0.0002358457277296111
Epoch 917 val RMSE: 0.2745894146715178
Epoch 918 MSE: 0.0002350884460611269
Epoch 918 val RMSE: 0.27379803730311353
Epoch 919 MSE: 0.00023406028049066663
Epoch 919 val RMSE: 0.2728283909848313
Epoch 920 MSE: 0.00023473898181691766
Epoch 920 val RMSE: 0.27493872664313024
Epoch 921 MSE: 0.00023444117687176913
Epoch 921 val RMSE: 0.27391998774475834
Epoch 922 MSE: 0.0002337145124329254
Epoch 922 val RMSE: 0.2731941229951906
Epoch 923 MSE: 0.00023402761144097894
Epoch 923 val RMSE: 0.2749144854667684
Epoch 924 MSE: 0.0002338078193133697
Epoch 924 val RMSE: 0.2738726695312839
Epoch 925 MSE: 0.0002332802687305957
Epoch 925 val RMSE: 0.2734703997846779
Epoch 926 MSE: 0.00023350176343228668
Epoch 926 val RMSE: 0.27527817669141447
Epoch 927 MSE: 0.00023332404089160264
Epoch 927 val RMSE: 0.2743089277661081
Epoch 928 MSE: 0.00023279360902961344
Epoch 928 val RMSE: 0.27418811496555223
Epoch 929 MSE: 0.00023293505364563316
Epoch 929 val RMSE: 0.2758584209026992
Epoch 930 MSE: 0.00023292341211345047
Epoch 930 val RMSE: 0.2747181602309406
Epoch 931 MSE: 0.00023243001487571746
Epoch 931 val RMSE: 0.27464179095929936
Epoch 932 MSE: 0.00023239696747623384
Epoch 932 val RMSE: 0.2758530461166836
Epoch 933 MSE: 0.00023250209051184356
Epoch 933 val RMSE: 0.2745923586439293
Epoch 934 MSE: 0.00023215016699396074
Epoch 934 val RMSE: 0.274631183566806
Epoch 935 MSE: 0.0002319562336197123
Epoch 935 val RMSE: 0.2755500386172485
Epoch 936 MSE: 0.00023203353339340538
Epoch 936 val RMSE: 0.27445782621306025
Epoch 937 MSE: 0.00023184510064311326
Epoch 937 val RMSE: 0.2747910241998465
Epoch 938 MSE: 0.0002316142781637609
Epoch 938 val RMSE: 0.27553742466363845
Epoch 939 MSE: 0.00023160007549449801
Epoch 939 val RMSE: 0.27461455273800195
Epoch 940 MSE: 0.00023148745822254568
Epoch 940 val RMSE: 0.27516413905343934
Epoch 941 MSE: 0.00023129102191887796
Epoch 941 val RMSE: 0.275572601687801
Epoch 942 MSE: 0.00023123242135625333
Epoch 942 val RMSE: 0.27467774724300825
Epoch 943 MSE: 0.00023114353825803846
Epoch 943 val RMSE: 0.275349958947911
Epoch 944 MSE: 0.00023095353390090168
Epoch 944 val RMSE: 0.2753874866496155
Epoch 945 MSE: 0.00023085980501491576
Epoch 945 val RMSE: 0.27471500063774035
Epoch 946 MSE: 0.0002308046241523698
Epoch 946 val RMSE: 0.27555095793963
Epoch 947 MSE: 0.00023064155539032072
Epoch 947 val RMSE: 0.2753700086303171
Epoch 948 MSE: 0.00023049605078995228
Epoch 948 val RMSE: 0.2750354261771504
Epoch 949 MSE: 0.00023043779947329313
Epoch 949 val RMSE: 0.27586274226274515
Epoch 950 MSE: 0.00023033151228446513
Epoch 950 val RMSE: 0.27539997220240076
Epoch 951 MSE: 0.00023017337662167847
Epoch 951 val RMSE: 0.2752905048153194
Epoch 952 MSE: 0.00023007059644442052
Epoch 952 val RMSE: 0.2758614323576311
Epoch 953 MSE: 0.0002299873303854838
Epoch 953 val RMSE: 0.27525242252825616
Epoch 954 MSE: 0.00022985758550930768
Epoch 954 val RMSE: 0.275423372634778
Epoch 955 MSE: 0.00022973257000558078
Epoch 955 val RMSE: 0.27578714920953223
Epoch 956 MSE: 0.00022963937954045832
Epoch 956 val RMSE: 0.27528879975094916
Epoch 957 MSE: 0.00022952906147111207
Epoch 957 val RMSE: 0.2756935239456743
Epoch 958 MSE: 0.00022940381313674152
Epoch 958 val RMSE: 0.27578689256034167
Epoch 959 MSE: 0.00022929951956029981
Epoch 959 val RMSE: 0.2753992823328933
Epoch 960 MSE: 0.0002291977289132774
Epoch 960 val RMSE: 0.2758189313395028
Epoch 961 MSE: 0.00022907572565600276
Epoch 961 val RMSE: 0.27563018389560734
Epoch 962 MSE: 0.00022895849542692304
Epoch 962 val RMSE: 0.2754371955399013
Epoch 963 MSE: 0.00022885878570377827
Epoch 963 val RMSE: 0.27582915541105735
Epoch 964 MSE: 0.00022875008289702237
Epoch 964 val RMSE: 0.27554123730214786
Epoch 965 MSE: 0.00022862784680910408
Epoch 965 val RMSE: 0.27559308124586107
Epoch 966 MSE: 0.0002285158698214218
Epoch 966 val RMSE: 0.27585964979635036
Epoch 967 MSE: 0.00022841272584628314
Epoch 967 val RMSE: 0.2755227549773749
Epoch 968 MSE: 0.00022830074885860085
Epoch 968 val RMSE: 0.27570317165410035
Epoch 969 MSE: 0.00022818180150352418
Epoch 969 val RMSE: 0.2757303698885415
Epoch 970 MSE: 0.00022807050845585763
Epoch 970 val RMSE: 0.2754397382296862
Epoch 971 MSE: 0.00022796224220655859
Epoch 971 val RMSE: 0.2756878081272213
Epoch 972 MSE: 0.00022784808243159205
Epoch 972 val RMSE: 0.27553374717509266
Epoch 973 MSE: 0.00022773243836127222
Epoch 973 val RMSE: 0.27542257461809583
Epoch 974 MSE: 0.0002276211162097752
Epoch 974 val RMSE: 0.2756559703364055
Epoch 975 MSE: 0.0002275097940582782
Epoch 975 val RMSE: 0.27540685727593445
Epoch 976 MSE: 0.000227394062676467
Epoch 976 val RMSE: 0.2754892213325999
Epoch 977 MSE: 0.0002272784913657233
Epoch 977 val RMSE: 0.27556995207603174
Epoch 978 MSE: 0.00022716616513207555
Epoch 978 val RMSE: 0.27533191027939347
Epoch 979 MSE: 0.00022705283481627703
Epoch 979 val RMSE: 0.27551717082703947
Epoch 980 MSE: 0.00022693585196975619
Epoch 980 val RMSE: 0.27540063501657425
Epoch 981 MSE: 0.00022681905829813331
Epoch 981 val RMSE: 0.27530237231207594
Epoch 982 MSE: 0.00022670456382911652
Epoch 982 val RMSE: 0.27545395251519883
Epoch 983 MSE: 0.00022658956004306674
Epoch 983 val RMSE: 0.27524030925364
Epoch 984 MSE: 0.00022647212608717382
Epoch 984 val RMSE: 0.27530306242442587
Epoch 985 MSE: 0.0002263542264699936
Epoch 985 val RMSE: 0.27529422614929205
Epoch 986 MSE: 0.00022623733093496412
Epoch 986 val RMSE: 0.2751178066469305
Epoch 987 MSE: 0.00022612017346546054
Epoch 987 val RMSE: 0.2752136581727805
Epoch 988 MSE: 0.00022600157535634935
Epoch 988 val RMSE: 0.2750599140226834
Epoch 989 MSE: 0.00022588230785913765
Epoch 989 val RMSE: 0.27501052977169727
Epoch 990 MSE: 0.00022576340415980667
Epoch 990 val RMSE: 0.2750411284642318
Epoch 991 MSE: 0.00022564423852600157
Epoch 991 val RMSE: 0.27488460449658103
Epoch 992 MSE: 0.00022552402515430003
Epoch 992 val RMSE: 0.2749285643084367
Epoch 993 MSE: 0.00022540274949278682
Epoch 993 val RMSE: 0.27485697017795396
Epoch 994 MSE: 0.00022528160479851067
Epoch 994 val RMSE: 0.274757292780875
Epoch 995 MSE: 0.00022516053286381066
Epoch 995 val RMSE: 0.274780598813529
Epoch 996 MSE: 0.00022503850050270557
Epoch 996 val RMSE: 0.2746352665119037
Epoch 997 MSE: 0.00022491566778626293
Epoch 997 val RMSE: 0.27460809547267306
Epoch 998 MSE: 0.00022479225299321115
Epoch 998 val RMSE: 0.2745641928954267
Epoch 999 MSE: 0.00022466805239673704
Epoch 999 val RMSE: 0.27443280953551863
Training time: 41.35078763961792
(401223.552, 3044155.756, 670) 训练完成

./images/(401223.552, 3044155.756, 670)LSTM训练集可视化结果.png保存成功
Train Score: 0.14 RMSE
Train Score: 0.27 RMSE
Test Score: 0.14 RMSE
./images/(401223.552, 3044155.756, 670)真实值vs预测值.png保存成功
