训练开始: 2025-06-17 20:57:00
Group: (400119.158, 3044703.654, 670)
模型标准化格式保存路径：lstmscaler/(400119.158, 3044703.654, 670)best_scaler.pkl
最优模型参数保存路径：lstmmodel/(400119.158, 3044703.654, 670)best_model.pth
Epoch 0 MSE: 0.558932900428772
Epoch 0 val RMSE: 24.774596659651948
Best model saved at epoch 0 with Test RMSE: 24.774596659651948
Epoch 1 MSE: 0.19224563241004944
Epoch 1 val RMSE: 98.66069438833026
Epoch 2 MSE: 1.0588457584381104
Epoch 2 val RMSE: 39.62336876817849
Epoch 3 MSE: 0.041576460003852844
Epoch 3 val RMSE: 27.948996821707997
Epoch 4 MSE: 0.15338529646396637
Epoch 4 val RMSE: 25.55997609407504
Epoch 5 MSE: 0.19219546020030975
Epoch 5 val RMSE: 25.868951210258796
Epoch 6 MSE: 0.18865923583507538
Epoch 6 val RMSE: 27.539228722902603
Epoch 7 MSE: 0.16432373225688934
Epoch 7 val RMSE: 30.230320101149587
Epoch 8 MSE: 0.12932226061820984
Epoch 8 val RMSE: 33.8980602868503
Epoch 9 MSE: 0.0905330702662468
Epoch 9 val RMSE: 38.60871894677338
Epoch 10 MSE: 0.055345840752124786
Epoch 10 val RMSE: 44.407377052903605
Epoch 11 MSE: 0.03391177952289581
Epoch 11 val RMSE: 50.850227191908886
Epoch 12 MSE: 0.03772548586130142
Epoch 12 val RMSE: 54.64644664440109
Epoch 13 MSE: 0.05324619263410568
Epoch 13 val RMSE: 54.668253309593446
Epoch 14 MSE: 0.05313149467110634
Epoch 14 val RMSE: 52.7359282178668
Epoch 15 MSE: 0.04387357458472252
Epoch 15 val RMSE: 50.21247578649528
Epoch 16 MSE: 0.03591739013791084
Epoch 16 val RMSE: 47.823974828106614
Epoch 17 MSE: 0.03259684517979622
Epoch 17 val RMSE: 45.862505216850344
Epoch 18 MSE: 0.03291754424571991
Epoch 18 val RMSE: 44.401465204480445
Epoch 19 MSE: 0.03494251146912575
Epoch 19 val RMSE: 43.42653160754307
Epoch 20 MSE: 0.03714532032608986
Epoch 20 val RMSE: 42.89360332327756
Epoch 21 MSE: 0.03864225745201111
Epoch 21 val RMSE: 42.74948887212717
Epoch 22 MSE: 0.03909089416265488
Epoch 22 val RMSE: 42.93809133508382
Epoch 23 MSE: 0.03853420168161392
Epoch 23 val RMSE: 43.4017529392895
Epoch 24 MSE: 0.03725501522421837
Epoch 24 val RMSE: 44.080924782580276
Epoch 25 MSE: 0.03565063700079918
Epoch 25 val RMSE: 44.9132518897541
Epoch 26 MSE: 0.03412710875272751
Epoch 26 val RMSE: 45.83262901920967
Epoch 27 MSE: 0.03301246464252472
Epoch 27 val RMSE: 46.76916959503745
Epoch 28 MSE: 0.03249075263738632
Epoch 28 val RMSE: 47.651065291738234
Epoch 29 MSE: 0.03256624937057495
Epoch 29 val RMSE: 48.409263443161116
Epoch 30 MSE: 0.033071573823690414
Epoch 30 val RMSE: 48.984756278420434
Epoch 31 MSE: 0.033728357404470444
Epoch 31 val RMSE: 49.3369562691726
Epoch 32 MSE: 0.03424835577607155
Epoch 32 val RMSE: 49.450256630874776
Epoch 33 MSE: 0.034436874091625214
Epoch 33 val RMSE: 49.33609276004865
Epoch 34 MSE: 0.03425151854753494
Epoch 34 val RMSE: 49.02941509871268
Epoch 35 MSE: 0.03379146009683609
Epoch 35 val RMSE: 48.5811076802238
Epoch 36 MSE: 0.03323212265968323
Epoch 36 val RMSE: 48.04884142317456
Epoch 37 MSE: 0.032745324075222015
Epoch 37 val RMSE: 47.48910236833289
Epoch 38 MSE: 0.03244166448712349
Epoch 38 val RMSE: 46.95149487602871
Epoch 39 MSE: 0.03235037252306938
Epoch 39 val RMSE: 46.47562942940499
Epoch 40 MSE: 0.032431457191705704
Epoch 40 val RMSE: 46.090081951509646
Epoch 41 MSE: 0.03260515630245209
Epoch 41 val RMSE: 45.812667867189035
Epoch 42 MSE: 0.03278416022658348
Epoch 42 val RMSE: 45.65131678943528
Epoch 43 MSE: 0.032899048179388046
Epoch 43 val RMSE: 45.605295937841746
Epoch 44 MSE: 0.0329127199947834
Epoch 44 val RMSE: 45.66630461240678
Epoch 45 MSE: 0.03282363340258598
Epoch 45 val RMSE: 45.81964313769396
Epoch 46 MSE: 0.03265966847538948
Epoch 46 val RMSE: 46.045340044827014
Epoch 47 MSE: 0.032465770840644836
Epoch 47 val RMSE: 46.31939209428784
Epoch 48 MSE: 0.03228896111249924
Epoch 48 val RMSE: 46.61520978396563
Epoch 49 MSE: 0.03216449171304703
Epoch 49 val RMSE: 46.90543803427807
Epoch 50 MSE: 0.03210654482245445
Epoch 50 val RMSE: 47.16398420670162
Epoch 51 MSE: 0.032105863094329834
Epoch 51 val RMSE: 47.36826407423276
Epoch 52 MSE: 0.0321347676217556
Epoch 52 val RMSE: 47.50131834108002
Epoch 53 MSE: 0.0321577824652195
Epoch 53 val RMSE: 47.55339566690401
Epoch 54 MSE: 0.03214371204376221
Epoch 54 val RMSE: 47.52275616497453
Epoch 55 MSE: 0.03207461163401604
Epoch 55 val RMSE: 47.41539288482038
Epoch 56 MSE: 0.03194800764322281
Epoch 56 val RMSE: 47.24373460030838
Epoch 57 MSE: 0.03177153691649437
Epoch 57 val RMSE: 47.024568669938375
Epoch 58 MSE: 0.03155140578746796
Epoch 58 val RMSE: 46.7765789668692
Epoch 59 MSE: 0.031276773661375046
Epoch 59 val RMSE: 46.517973676848825
Epoch 60 MSE: 0.030899932608008385
Epoch 60 val RMSE: 46.26432157907295
Epoch 61 MSE: 0.030325111001729965
Epoch 61 val RMSE: 46.02586632637945
Epoch 62 MSE: 0.029560722410678864
Epoch 62 val RMSE: 45.792764656896125
Epoch 63 MSE: 0.02923722192645073
Epoch 63 val RMSE: 45.42224855797542
Epoch 64 MSE: 0.028780706226825714
Epoch 64 val RMSE: 44.86076550004469
Epoch 65 MSE: 0.027278432622551918
Epoch 65 val RMSE: 44.29845262843204
Epoch 66 MSE: 0.026550697162747383
Epoch 66 val RMSE: 43.89280265601639
Epoch 67 MSE: 0.024995557963848114
Epoch 67 val RMSE: 43.64839904575897
Epoch 68 MSE: 0.0231724064797163
Epoch 68 val RMSE: 43.13298018329115
Epoch 69 MSE: 0.020117586478590965
Epoch 69 val RMSE: 42.69962738374818
Epoch 70 MSE: 0.01816106215119362
Epoch 70 val RMSE: 42.67923916911696
Epoch 71 MSE: 0.026795653626322746
Epoch 71 val RMSE: 41.501978080210975
Epoch 72 MSE: 0.03764500841498375
Epoch 72 val RMSE: 41.304558202700974
Epoch 73 MSE: 0.04023252800107002
Epoch 73 val RMSE: 41.63170049767515
Epoch 74 MSE: 0.038919612765312195
Epoch 74 val RMSE: 42.37882109661691
Epoch 75 MSE: 0.035954494029283524
Epoch 75 val RMSE: 43.43108793726059
Epoch 76 MSE: 0.03269096091389656
Epoch 76 val RMSE: 44.660479975921525
Epoch 77 MSE: 0.030244288966059685
Epoch 77 val RMSE: 45.92168360797135
Epoch 78 MSE: 0.029275011271238327
Epoch 78 val RMSE: 47.05238572010058
Epoch 79 MSE: 0.02979104034602642
Epoch 79 val RMSE: 47.88633239326358
Epoch 80 MSE: 0.031101280823349953
Epoch 80 val RMSE: 48.285507498368496
Epoch 81 MSE: 0.032099250704050064
Epoch 81 val RMSE: 48.185126299350664
Epoch 82 MSE: 0.03191360458731651
Epoch 82 val RMSE: 47.62265978092125
Epoch 83 MSE: 0.030497411265969276
Epoch 83 val RMSE: 46.72279194471768
Epoch 84 MSE: 0.028544563800096512
Epoch 84 val RMSE: 45.647803055876906
Epoch 85 MSE: 0.026820147410035133
Epoch 85 val RMSE: 44.548617775449834
Epoch 86 MSE: 0.02558138594031334
Epoch 86 val RMSE: 43.53722674108547
Epoch 87 MSE: 0.024392051622271538
Epoch 87 val RMSE: 42.67708253879871
Epoch 88 MSE: 0.02194826863706112
Epoch 88 val RMSE: 41.972679334858704
Epoch 89 MSE: 0.01598445698618889
Epoch 89 val RMSE: 41.2451435351409
Epoch 90 MSE: 0.023704499006271362
Epoch 90 val RMSE: 39.85449456842587
Epoch 91 MSE: 0.013391485437750816
Epoch 91 val RMSE: 38.678354886405785
Epoch 92 MSE: 0.019375139847397804
Epoch 92 val RMSE: 37.93741794935526
Epoch 93 MSE: 0.01692591793835163
Epoch 93 val RMSE: 37.5484127598125
Epoch 94 MSE: 0.011595526710152626
Epoch 94 val RMSE: 37.14629577816693
Epoch 95 MSE: 0.019578149542212486
Epoch 95 val RMSE: 36.28746884956035
Epoch 96 MSE: 0.011167711578309536
Epoch 96 val RMSE: 35.58993957325757
Epoch 97 MSE: 0.015611913986504078
Epoch 97 val RMSE: 35.2659711436269
Epoch 98 MSE: 0.014369256794452667
Epoch 98 val RMSE: 35.24550129205322
Epoch 99 MSE: 0.010445130988955498
Epoch 99 val RMSE: 35.22564158670942
Epoch 100 MSE: 0.014478267170488834
Epoch 100 val RMSE: 34.87068570704751
Epoch 101 MSE: 0.010489095002412796
Epoch 101 val RMSE: 34.43381155099864
Epoch 102 MSE: 0.010684051550924778
Epoch 102 val RMSE: 34.18991721916163
Epoch 103 MSE: 0.01190138328820467
Epoch 103 val RMSE: 34.17927231890697
Epoch 104 MSE: 0.009462724439799786
Epoch 104 val RMSE: 34.250176422333034
Epoch 105 MSE: 0.00953501183539629
Epoch 105 val RMSE: 34.14169763761206
Epoch 106 MSE: 0.01051490381360054
Epoch 106 val RMSE: 33.783071181251415
Epoch 107 MSE: 0.008354387246072292
Epoch 107 val RMSE: 33.391931932190786
Epoch 108 MSE: 0.008957515470683575
Epoch 108 val RMSE: 33.15386051121158
Epoch 109 MSE: 0.009213533252477646
Epoch 109 val RMSE: 33.082224740032224
Epoch 110 MSE: 0.007722692098468542
Epoch 110 val RMSE: 33.03722155103997
Epoch 111 MSE: 0.00815473310649395
Epoch 111 val RMSE: 32.83600906338859
Epoch 112 MSE: 0.008152283728122711
Epoch 112 val RMSE: 32.48699784986103
Epoch 113 MSE: 0.0070683155208826065
Epoch 113 val RMSE: 32.17780876556272
Epoch 114 MSE: 0.007719553075730801
Epoch 114 val RMSE: 32.02815914965493
Epoch 115 MSE: 0.007240915670990944
Epoch 115 val RMSE: 31.99385584019903
Epoch 116 MSE: 0.0066460915841162205
Epoch 116 val RMSE: 31.917788758900773
Epoch 117 MSE: 0.007143134251236916
Epoch 117 val RMSE: 31.705786490365703
Epoch 118 MSE: 0.006371514406055212
Epoch 118 val RMSE: 31.453282181052863
Epoch 119 MSE: 0.006334780249744654
Epoch 119 val RMSE: 31.29352437755693
Epoch 120 MSE: 0.006404906045645475
Epoch 120 val RMSE: 31.245631530601102
Epoch 121 MSE: 0.005784269887953997
Epoch 121 val RMSE: 31.211311989305255
Epoch 122 MSE: 0.005879048258066177
Epoch 122 val RMSE: 31.076088341384963
Epoch 123 MSE: 0.0057075656950473785
Epoch 123 val RMSE: 30.847660949173378
Epoch 124 MSE: 0.00529087521135807
Epoch 124 val RMSE: 30.63356664303779
Epoch 125 MSE: 0.005396327469497919
Epoch 125 val RMSE: 30.501468810688035
Epoch 126 MSE: 0.005093224346637726
Epoch 126 val RMSE: 30.41832465961359
Epoch 127 MSE: 0.004825439769774675
Epoch 127 val RMSE: 30.288889201851415
Epoch 128 MSE: 0.004851001780480146
Epoch 128 val RMSE: 30.06600405124324
Epoch 129 MSE: 0.00448854872956872
Epoch 129 val RMSE: 29.812975993645054
Epoch 130 MSE: 0.004392646253108978
Epoch 130 val RMSE: 29.614785537986553
Epoch 131 MSE: 0.004284382332116365
Epoch 131 val RMSE: 29.480328741634544
Epoch 132 MSE: 0.003976623993366957
Epoch 132 val RMSE: 29.33978316171683
Epoch 133 MSE: 0.0039475527592003345
Epoch 133 val RMSE: 29.13114373237429
Epoch 134 MSE: 0.0037107891403138638
Epoch 134 val RMSE: 28.888321086813676
Epoch 135 MSE: 0.003562718629837036
Epoch 135 val RMSE: 28.688745675228965
Epoch 136 MSE: 0.0034768818877637386
Epoch 136 val RMSE: 28.547979290696414
Epoch 137 MSE: 0.0032344632782042027
Epoch 137 val RMSE: 28.403748858535383
Epoch 138 MSE: 0.0031826698686927557
Epoch 138 val RMSE: 28.20059718588642
Epoch 139 MSE: 0.002984222024679184
Epoch 139 val RMSE: 27.97268434269292
Epoch 140 MSE: 0.002889295807108283
Epoch 140 val RMSE: 27.78457165181785
Epoch 141 MSE: 0.0027750662993639708
Epoch 141 val RMSE: 27.633132773094488
Epoch 142 MSE: 0.0026237983256578445
Epoch 142 val RMSE: 27.453182804435446
Epoch 143 MSE: 0.0025631769094616175
Epoch 143 val RMSE: 27.21901011643792
Epoch 144 MSE: 0.0024084262549877167
Epoch 144 val RMSE: 26.987302832260884
Epoch 145 MSE: 0.002363805891945958
Epoch 145 val RMSE: 26.799758409009026
Epoch 146 MSE: 0.00222578807733953
Epoch 146 val RMSE: 26.61761744773093
Epoch 147 MSE: 0.002177911577746272
Epoch 147 val RMSE: 26.391174274553297
Epoch 148 MSE: 0.002064835513010621
Epoch 148 val RMSE: 26.155148572986544
Epoch 149 MSE: 0.0020166002213954926
Epoch 149 val RMSE: 25.967074159975887
Epoch 150 MSE: 0.0019224041607230902
Epoch 150 val RMSE: 25.80438592580363
Epoch 151 MSE: 0.0018733963370323181
Epoch 151 val RMSE: 25.610994409978865
Epoch 152 MSE: 0.0017901359824463725
Epoch 152 val RMSE: 25.410704800477912
Epoch 153 MSE: 0.0017462074756622314
Epoch 153 val RMSE: 25.257775044435576
Epoch 154 MSE: 0.001670047058723867
Epoch 154 val RMSE: 25.12491254648959
Epoch 155 MSE: 0.001632119296118617
Epoch 155 val RMSE: 24.957760948109282
Epoch 156 MSE: 0.0015622508944943547
Epoch 156 val RMSE: 24.787442332021293
Epoch 157 MSE: 0.0015328704612329602
Epoch 157 val RMSE: 24.656873803895945
Best model saved at epoch 157 with Test RMSE: 24.656873803895945
Epoch 158 MSE: 0.0014693316770717502
Epoch 158 val RMSE: 24.522726923044008
Best model saved at epoch 158 with Test RMSE: 24.522726923044008
Epoch 159 MSE: 0.0014418185455724597
Epoch 159 val RMSE: 24.353018684404788
Best model saved at epoch 159 with Test RMSE: 24.353018684404788
Epoch 160 MSE: 0.0013904059305787086
Epoch 160 val RMSE: 24.203643221937554
Best model saved at epoch 160 with Test RMSE: 24.203643221937554
Epoch 161 MSE: 0.0013563904212787747
Epoch 161 val RMSE: 24.083528757677414
Best model saved at epoch 161 with Test RMSE: 24.083528757677414
Epoch 162 MSE: 0.0013227672316133976
Epoch 162 val RMSE: 23.936030011571336
Best model saved at epoch 162 with Test RMSE: 23.936030011571336
Epoch 163 MSE: 0.001277717063203454
Epoch 163 val RMSE: 23.791717832101654
Best model saved at epoch 163 with Test RMSE: 23.791717832101654
Epoch 164 MSE: 0.0012548532104119658
Epoch 164 val RMSE: 23.689368020835055
Best model saved at epoch 164 with Test RMSE: 23.689368020835055
Epoch 165 MSE: 0.0012161574559286237
Epoch 165 val RMSE: 23.569646990936114
Best model saved at epoch 165 with Test RMSE: 23.569646990936114
Epoch 166 MSE: 0.001179610495455563
Epoch 166 val RMSE: 23.44581232806098
Best model saved at epoch 166 with Test RMSE: 23.44581232806098
Epoch 167 MSE: 0.0011564886663109064
Epoch 167 val RMSE: 23.36012357705233
Best model saved at epoch 167 with Test RMSE: 23.36012357705233
Epoch 168 MSE: 0.00112204032484442
Epoch 168 val RMSE: 23.247424567539465
Best model saved at epoch 168 with Test RMSE: 23.247424567539465
Epoch 169 MSE: 0.001085891155526042
Epoch 169 val RMSE: 23.133557854844497
Best model saved at epoch 169 with Test RMSE: 23.133557854844497
Epoch 170 MSE: 0.0010616934159770608
Epoch 170 val RMSE: 23.042659836991067
Best model saved at epoch 170 with Test RMSE: 23.042659836991067
Epoch 171 MSE: 0.0010377200087532401
Epoch 171 val RMSE: 22.909708342275444
Best model saved at epoch 171 with Test RMSE: 22.909708342275444
Epoch 172 MSE: 0.0010061012580990791
Epoch 172 val RMSE: 22.801646872488316
Best model saved at epoch 172 with Test RMSE: 22.801646872488316
Epoch 173 MSE: 0.0009745988645590842
Epoch 173 val RMSE: 22.67909677795971
Best model saved at epoch 173 with Test RMSE: 22.67909677795971
Epoch 174 MSE: 0.0009489913936704397
Epoch 174 val RMSE: 22.54150834324695
Best model saved at epoch 174 with Test RMSE: 22.54150834324695
Epoch 175 MSE: 0.000928439199924469
Epoch 175 val RMSE: 22.434385120662157
Best model saved at epoch 175 with Test RMSE: 22.434385120662157
Epoch 176 MSE: 0.0009108417434617877
Epoch 176 val RMSE: 22.276744756215926
Best model saved at epoch 176 with Test RMSE: 22.276744756215926
Epoch 177 MSE: 0.0008977551478892565
Epoch 177 val RMSE: 22.18935882948563
Best model saved at epoch 177 with Test RMSE: 22.18935882948563
Epoch 178 MSE: 0.0008947283495217562
Epoch 178 val RMSE: 22.000453597507796
Best model saved at epoch 178 with Test RMSE: 22.000453597507796
Epoch 179 MSE: 0.0009202919900417328
Epoch 179 val RMSE: 21.961596869548146
Best model saved at epoch 179 with Test RMSE: 21.961596869548146
Epoch 180 MSE: 0.0009925744961947203
Epoch 180 val RMSE: 21.70003127697919
Best model saved at epoch 180 with Test RMSE: 21.70003127697919
Epoch 181 MSE: 0.0011414355831220746
Epoch 181 val RMSE: 21.754252401739613
Epoch 182 MSE: 0.001175456214696169
Epoch 182 val RMSE: 21.461587346822988
Best model saved at epoch 182 with Test RMSE: 21.461587346822988
Epoch 183 MSE: 0.0010546431876718998
Epoch 183 val RMSE: 21.457011693851456
Best model saved at epoch 183 with Test RMSE: 21.457011693851456
Epoch 184 MSE: 0.0007804726483300328
Epoch 184 val RMSE: 21.314144484988205
Best model saved at epoch 184 with Test RMSE: 21.314144484988205
Epoch 185 MSE: 0.0007674877415411174
Epoch 185 val RMSE: 21.04038823338863
Best model saved at epoch 185 with Test RMSE: 21.04038823338863
Epoch 186 MSE: 0.000929541711229831
Epoch 186 val RMSE: 21.03056146137947
Best model saved at epoch 186 with Test RMSE: 21.03056146137947
Epoch 187 MSE: 0.000873872428201139
Epoch 187 val RMSE: 20.770182526346137
Best model saved at epoch 187 with Test RMSE: 20.770182526346137
Epoch 188 MSE: 0.0007064055535010993
Epoch 188 val RMSE: 20.62007812958798
Best model saved at epoch 188 with Test RMSE: 20.62007812958798
Epoch 189 MSE: 0.000689517764840275
Epoch 189 val RMSE: 20.573462627908633
Best model saved at epoch 189 with Test RMSE: 20.573462627908633
Epoch 190 MSE: 0.0007857148302718997
Epoch 190 val RMSE: 20.31700746262422
Best model saved at epoch 190 with Test RMSE: 20.31700746262422
Epoch 191 MSE: 0.0007704362506046891
Epoch 191 val RMSE: 20.30983155549302
Best model saved at epoch 191 with Test RMSE: 20.30983155549302
Epoch 192 MSE: 0.0006445262115448713
Epoch 192 val RMSE: 20.21472486378084
Best model saved at epoch 192 with Test RMSE: 20.21472486378084
Epoch 193 MSE: 0.0006333503406494856
Epoch 193 val RMSE: 20.028576081770797
Best model saved at epoch 193 with Test RMSE: 20.028576081770797
Epoch 194 MSE: 0.0007020081393420696
Epoch 194 val RMSE: 20.053704446104682
Epoch 195 MSE: 0.0006710896268486977
Epoch 195 val RMSE: 19.87317884246724
Best model saved at epoch 195 with Test RMSE: 19.87317884246724
Epoch 196 MSE: 0.000590215902775526
Epoch 196 val RMSE: 19.7575916234194
Best model saved at epoch 196 with Test RMSE: 19.7575916234194
Epoch 197 MSE: 0.000582268345169723
Epoch 197 val RMSE: 19.714509003126988
Best model saved at epoch 197 with Test RMSE: 19.714509003126988
Epoch 198 MSE: 0.0006239167996682227
Epoch 198 val RMSE: 19.480561569234457
Best model saved at epoch 198 with Test RMSE: 19.480561569234457
Epoch 199 MSE: 0.0006207041442394257
Epoch 199 val RMSE: 19.45895839996886
Best model saved at epoch 199 with Test RMSE: 19.45895839996886
Epoch 200 MSE: 0.00056232645874843
Epoch 200 val RMSE: 19.319813352832405
Best model saved at epoch 200 with Test RMSE: 19.319813352832405
Epoch 201 MSE: 0.0005283914506435394
Epoch 201 val RMSE: 19.18706499532343
Best model saved at epoch 201 with Test RMSE: 19.18706499532343
Epoch 202 MSE: 0.0005427745054475963
Epoch 202 val RMSE: 19.189204932396237
Epoch 203 MSE: 0.0005666914512403309
Epoch 203 val RMSE: 19.00236978308355
Best model saved at epoch 203 with Test RMSE: 19.00236978308355
Epoch 204 MSE: 0.0005666614742949605
Epoch 204 val RMSE: 19.040578776306113
Epoch 205 MSE: 0.0005344714736565948
Epoch 205 val RMSE: 18.8966506170013
Best model saved at epoch 205 with Test RMSE: 18.8966506170013
Epoch 206 MSE: 0.0004989192239008844
Epoch 206 val RMSE: 18.849038566537352
Best model saved at epoch 206 with Test RMSE: 18.849038566537352
Epoch 207 MSE: 0.00047813268611207604
Epoch 207 val RMSE: 18.774846818200007
Best model saved at epoch 207 with Test RMSE: 18.774846818200007
Epoch 208 MSE: 0.0004768110520672053
Epoch 208 val RMSE: 18.618141498847134
Best model saved at epoch 208 with Test RMSE: 18.618141498847134
Epoch 209 MSE: 0.0004888424882665277
Epoch 209 val RMSE: 18.613654655881994
Best model saved at epoch 209 with Test RMSE: 18.613654655881994
Epoch 210 MSE: 0.0005076556699350476
Epoch 210 val RMSE: 18.391539311915107
Best model saved at epoch 210 with Test RMSE: 18.391539311915107
Epoch 211 MSE: 0.0005384565447457135
Epoch 211 val RMSE: 18.480710257220313
Epoch 212 MSE: 0.000582359207328409
Epoch 212 val RMSE: 18.20447285782398
Best model saved at epoch 212 with Test RMSE: 18.20447285782398
Epoch 213 MSE: 0.0006692744791507721
Epoch 213 val RMSE: 18.433163718097962
Epoch 214 MSE: 0.000775195483583957
Epoch 214 val RMSE: 18.0752364400381
Best model saved at epoch 214 with Test RMSE: 18.0752364400381
Epoch 215 MSE: 0.0009309025481343269
Epoch 215 val RMSE: 18.424676916636066
Epoch 216 MSE: 0.0009126185905188322
Epoch 216 val RMSE: 18.07324743783526
Best model saved at epoch 216 with Test RMSE: 18.07324743783526
Epoch 217 MSE: 0.0007629123283550143
Epoch 217 val RMSE: 18.239589282313897
Epoch 218 MSE: 0.0004888744442723691
Epoch 218 val RMSE: 18.10588718165353
Epoch 219 MSE: 0.00043755475780926645
Epoch 219 val RMSE: 17.81735388224734
Best model saved at epoch 219 with Test RMSE: 17.81735388224734
Epoch 220 MSE: 0.0005935091758146882
Epoch 220 val RMSE: 17.918250198765136
Epoch 221 MSE: 0.0006407314212992787
Epoch 221 val RMSE: 17.595347465776463
Best model saved at epoch 221 with Test RMSE: 17.595347465776463
Epoch 222 MSE: 0.000518135551828891
Epoch 222 val RMSE: 17.619425439895345
Epoch 223 MSE: 0.0004058316699229181
Epoch 223 val RMSE: 17.634161549800236
Epoch 224 MSE: 0.00046652500168420374
Epoch 224 val RMSE: 17.44511482478691
Best model saved at epoch 224 with Test RMSE: 17.44511482478691
Epoch 225 MSE: 0.0005465293070301414
Epoch 225 val RMSE: 17.62970557197957
Epoch 226 MSE: 0.0004728490312118083
Epoch 226 val RMSE: 17.547257620494435
Epoch 227 MSE: 0.00039327211561612785
Epoch 227 val RMSE: 17.47732731898226
Epoch 228 MSE: 0.0004337345890235156
Epoch 228 val RMSE: 17.57180876104579
Epoch 229 MSE: 0.0004746285267174244
Epoch 229 val RMSE: 17.36814690332474
Best model saved at epoch 229 with Test RMSE: 17.36814690332474
Epoch 230 MSE: 0.0004252161306794733
Epoch 230 val RMSE: 17.34885992432437
Best model saved at epoch 230 with Test RMSE: 17.34885992432437
Epoch 231 MSE: 0.00037909846287220716
Epoch 231 val RMSE: 17.320869268227597
Best model saved at epoch 231 with Test RMSE: 17.320869268227597
Epoch 232 MSE: 0.0004112151509616524
Epoch 232 val RMSE: 17.12727196094634
Best model saved at epoch 232 with Test RMSE: 17.12727196094634
Epoch 233 MSE: 0.00044131293543614447
Epoch 233 val RMSE: 17.211633447402207
Epoch 234 MSE: 0.00040602192166261375
Epoch 234 val RMSE: 17.128672407896396
Epoch 235 MSE: 0.0003684863622765988
Epoch 235 val RMSE: 17.09690256006735
Best model saved at epoch 235 with Test RMSE: 17.09690256006735
Epoch 236 MSE: 0.00037915646680630744
Epoch 236 val RMSE: 17.19047381943612
Epoch 237 MSE: 0.00040352356154471636
Epoch 237 val RMSE: 17.072195798571595
Best model saved at epoch 237 with Test RMSE: 17.072195798571595
Epoch 238 MSE: 0.00039543386083096266
Epoch 238 val RMSE: 17.139286959226254
Epoch 239 MSE: 0.0003649358986876905
Epoch 239 val RMSE: 17.090445971532148
Epoch 240 MSE: 0.00035556350485421717
Epoch 240 val RMSE: 16.988411936867987
Best model saved at epoch 240 with Test RMSE: 16.988411936867987
Epoch 241 MSE: 0.00037089199759066105
Epoch 241 val RMSE: 17.025211264578058
Epoch 242 MSE: 0.0003810386115219444
Epoch 242 val RMSE: 16.869142321009814
Best model saved at epoch 242 with Test RMSE: 16.869142321009814
Epoch 243 MSE: 0.00037190408329479396
Epoch 243 val RMSE: 16.89761306790335
Epoch 244 MSE: 0.00035282823955640197
Epoch 244 val RMSE: 16.833011636713103
Best model saved at epoch 244 with Test RMSE: 16.833011636713103
Epoch 245 MSE: 0.00034237312502227724
Epoch 245 val RMSE: 16.787753700730967
Best model saved at epoch 245 with Test RMSE: 16.787753700730967
Epoch 246 MSE: 0.0003453322278801352
Epoch 246 val RMSE: 16.83009251787275
Epoch 247 MSE: 0.0003543933271430433
Epoch 247 val RMSE: 16.725755140195183
Best model saved at epoch 247 with Test RMSE: 16.725755140195183
Epoch 248 MSE: 0.0003605546080507338
Epoch 248 val RMSE: 16.801556397050877
Epoch 249 MSE: 0.00035847988328896463
Epoch 249 val RMSE: 16.681777715929194
Best model saved at epoch 249 with Test RMSE: 16.681777715929194
Epoch 250 MSE: 0.00035084551200270653
Epoch 250 val RMSE: 16.71642890575999
Epoch 251 MSE: 0.0003408620541449636
Epoch 251 val RMSE: 16.616540118736456
Best model saved at epoch 251 with Test RMSE: 16.616540118736456
Epoch 252 MSE: 0.0003327351587358862
Epoch 252 val RMSE: 16.591616505972226
Best model saved at epoch 252 with Test RMSE: 16.591616505972226
Epoch 253 MSE: 0.0003277377982158214
Epoch 253 val RMSE: 16.5367724707695
Best model saved at epoch 253 with Test RMSE: 16.5367724707695
Epoch 254 MSE: 0.0003257454955019057
Epoch 254 val RMSE: 16.47676901690159
Best model saved at epoch 254 with Test RMSE: 16.47676901690159
Epoch 255 MSE: 0.00032600483973510563
Epoch 255 val RMSE: 16.4813959837818
Epoch 256 MSE: 0.00032824272057041526
Epoch 256 val RMSE: 16.397727511130828
Best model saved at epoch 256 with Test RMSE: 16.397727511130828
Epoch 257 MSE: 0.00033342637470923364
Epoch 257 val RMSE: 16.466211112409482
Epoch 258 MSE: 0.00034410253283567727
Epoch 258 val RMSE: 16.32500998246967
Best model saved at epoch 258 with Test RMSE: 16.32500998246967
Epoch 259 MSE: 0.00036729752901010215
Epoch 259 val RMSE: 16.481994977770913
Epoch 260 MSE: 0.0004149257729295641
Epoch 260 val RMSE: 16.206971465152446
Best model saved at epoch 260 with Test RMSE: 16.206971465152446
Epoch 261 MSE: 0.0005236575962044299
Epoch 261 val RMSE: 16.56404952952044
Epoch 262 MSE: 0.0007330021471716464
Epoch 262 val RMSE: 16.055251092601583
Best model saved at epoch 262 with Test RMSE: 16.055251092601583
Epoch 263 MSE: 0.0011663518380373716
Epoch 263 val RMSE: 16.803497059473493
Epoch 264 MSE: 0.0015576485311612487
Epoch 264 val RMSE: 16.166771537729016
Epoch 265 MSE: 0.0017195611726492643
Epoch 265 val RMSE: 16.90094486281342
Epoch 266 MSE: 0.0007635435904376209
Epoch 266 val RMSE: 16.79155166372038
Epoch 267 MSE: 0.0003934318374376744
Epoch 267 val RMSE: 16.40242700993991
Epoch 268 MSE: 0.0009176117600873113
Epoch 268 val RMSE: 16.688983979838223
Epoch 269 MSE: 0.0006980336620472372
Epoch 269 val RMSE: 16.355168804719177
Epoch 270 MSE: 0.00033394445199519396
Epoch 270 val RMSE: 16.028886468373766
Best model saved at epoch 270 with Test RMSE: 16.028886468373766
Epoch 271 MSE: 0.0006458461284637451
Epoch 271 val RMSE: 16.26089159483527
Epoch 272 MSE: 0.000582667940761894
Epoch 272 val RMSE: 16.12122768071941
Epoch 273 MSE: 0.00034244608832523227
Epoch 273 val RMSE: 16.044024934036482
Epoch 274 MSE: 0.0005348622216843069
Epoch 274 val RMSE: 16.38332196245287
Epoch 275 MSE: 0.0004568038566503674
Epoch 275 val RMSE: 16.43175194322955
Epoch 276 MSE: 0.000346345390425995
Epoch 276 val RMSE: 16.38016341243178
Epoch 277 MSE: 0.00048567200428806245
Epoch 277 val RMSE: 16.601048705284686
Epoch 278 MSE: 0.00036991105298511684
Epoch 278 val RMSE: 16.622092085910847
Epoch 279 MSE: 0.0003880947479046881
Epoch 279 val RMSE: 16.427888446140244
Epoch 280 MSE: 0.00043351048952899873
Epoch 280 val RMSE: 16.464757098674713
Epoch 281 MSE: 0.0003313568886369467
Epoch 281 val RMSE: 16.472966097838814
Epoch 282 MSE: 0.00040613720193505287
Epoch 282 val RMSE: 16.274949859213756
Epoch 283 MSE: 0.00037933484418317676
Epoch 283 val RMSE: 16.293841100627564
Epoch 284 MSE: 0.00033511410583741963
Epoch 284 val RMSE: 16.405218531563648
Epoch 285 MSE: 0.00039880911936052144
Epoch 285 val RMSE: 16.32713158610777
Epoch 286 MSE: 0.0003431524964980781
Epoch 286 val RMSE: 16.383571565331174
Epoch 287 MSE: 0.00034005267661996186
Epoch 287 val RMSE: 16.546086538403216
Epoch 288 MSE: 0.00037210466689430177
Epoch 288 val RMSE: 16.50666165977817
Epoch 289 MSE: 0.00032313077826984227
Epoch 289 val RMSE: 16.492050567882508
Epoch 290 MSE: 0.0003460906445980072
Epoch 290 val RMSE: 16.58018660602543
Epoch 291 MSE: 0.0003475017729215324
Epoch 291 val RMSE: 16.497493669138997
Epoch 292 MSE: 0.0003167301183566451
Epoch 292 val RMSE: 16.390909867043113
Epoch 293 MSE: 0.00034158676862716675
Epoch 293 val RMSE: 16.41644121715569
Epoch 294 MSE: 0.0003270890156272799
Epoch 294 val RMSE: 16.342680040861374
Epoch 295 MSE: 0.000314605247694999
Epoch 295 val RMSE: 16.243609771181944
Epoch 296 MSE: 0.00033339299261569977
Epoch 296 val RMSE: 16.29248409057983
Epoch 297 MSE: 0.00031651448807679117
Epoch 297 val RMSE: 16.28160894368004
Epoch 298 MSE: 0.0003120106121059507
Epoch 298 val RMSE: 16.228082988764704
Epoch 299 MSE: 0.0003233533352613449
Epoch 299 val RMSE: 16.29221717053978
Epoch 300 MSE: 0.0003087499353569001
Epoch 300 val RMSE: 16.293938493827238
Epoch 301 MSE: 0.0003086160577367991
Epoch 301 val RMSE: 16.226268165060418
Epoch 302 MSE: 0.00031579582719132304
Epoch 302 val RMSE: 16.246276428853918
Epoch 303 MSE: 0.0003040582232642919
Epoch 303 val RMSE: 16.21143636280612
Epoch 304 MSE: 0.0003046868951059878
Epoch 304 val RMSE: 16.113939853964563
Epoch 305 MSE: 0.0003089496458414942
Epoch 305 val RMSE: 16.107547748879153
Epoch 306 MSE: 0.0002999117423314601
Epoch 306 val RMSE: 16.069838691666195
Epoch 307 MSE: 0.0003003100282512605
Epoch 307 val RMSE: 15.995097839876646
Best model saved at epoch 307 with Test RMSE: 15.995097839876646
Epoch 308 MSE: 0.00030392390908673406
Epoch 308 val RMSE: 16.014386385030882
Epoch 309 MSE: 0.0002972755755763501
Epoch 309 val RMSE: 16.00350913667062
Epoch 310 MSE: 0.0002961548452731222
Epoch 310 val RMSE: 15.962618074152184
Best model saved at epoch 310 with Test RMSE: 15.962618074152184
Epoch 311 MSE: 0.00029918027576059103
Epoch 311 val RMSE: 15.993507498497388
Epoch 312 MSE: 0.0002948362671304494
Epoch 312 val RMSE: 15.974981775407738
Epoch 313 MSE: 0.00029279474983923137
Epoch 313 val RMSE: 15.927584327351177
Best model saved at epoch 313 with Test RMSE: 15.927584327351177
Epoch 314 MSE: 0.00029526252183131874
Epoch 314 val RMSE: 15.933368222080057
Epoch 315 MSE: 0.00029279469163157046
Epoch 315 val RMSE: 15.884771268480801
Best model saved at epoch 315 with Test RMSE: 15.884771268480801
Epoch 316 MSE: 0.0002899029350373894
Epoch 316 val RMSE: 15.829836060957703
Best model saved at epoch 316 with Test RMSE: 15.829836060957703
Epoch 317 MSE: 0.0002913048956543207
Epoch 317 val RMSE: 15.825806337758413
Best model saved at epoch 317 with Test RMSE: 15.825806337758413
Epoch 318 MSE: 0.00029068326693959534
Epoch 318 val RMSE: 15.775896852755759
Best model saved at epoch 318 with Test RMSE: 15.775896852755759
Epoch 319 MSE: 0.0002878431405406445
Epoch 319 val RMSE: 15.747938717576313
Best model saved at epoch 319 with Test RMSE: 15.747938717576313
Epoch 320 MSE: 0.00028779770946130157
Epoch 320 val RMSE: 15.756841233391192
Epoch 321 MSE: 0.0002882731787394732
Epoch 321 val RMSE: 15.72068407662065
Best model saved at epoch 321 with Test RMSE: 15.72068407662065
Epoch 322 MSE: 0.000286275491816923
Epoch 322 val RMSE: 15.717006457725578
Best model saved at epoch 322 with Test RMSE: 15.717006457725578
Epoch 323 MSE: 0.00028485534130595624
Epoch 323 val RMSE: 15.718064643980306
Epoch 324 MSE: 0.0002852998150046915
Epoch 324 val RMSE: 15.67682031894542
Best model saved at epoch 324 with Test RMSE: 15.67682031894542
Epoch 325 MSE: 0.00028470446704886854
Epoch 325 val RMSE: 15.670997724386739
Best model saved at epoch 325 with Test RMSE: 15.670997724386739
Epoch 326 MSE: 0.00028291859780438244
Epoch 326 val RMSE: 15.645827915209336
Best model saved at epoch 326 with Test RMSE: 15.645827915209336
Epoch 327 MSE: 0.00028229731833562255
Epoch 327 val RMSE: 15.601718983942323
Best model saved at epoch 327 with Test RMSE: 15.601718983942323
Epoch 328 MSE: 0.00028236847720108926
Epoch 328 val RMSE: 15.595589997437227
Best model saved at epoch 328 with Test RMSE: 15.595589997437227
Epoch 329 MSE: 0.0002813919563777745
Epoch 329 val RMSE: 15.561337592287265
Best model saved at epoch 329 with Test RMSE: 15.561337592287265
Epoch 330 MSE: 0.00028006118373014033
Epoch 330 val RMSE: 15.539081648272516
Best model saved at epoch 330 with Test RMSE: 15.539081648272516
Epoch 331 MSE: 0.0002796160988509655
Epoch 331 val RMSE: 15.539557892587238
Epoch 332 MSE: 0.0002793903404381126
Epoch 332 val RMSE: 15.510304625008075
Best model saved at epoch 332 with Test RMSE: 15.510304625008075
Epoch 333 MSE: 0.0002784459211397916
Epoch 333 val RMSE: 15.507919257346641
Best model saved at epoch 333 with Test RMSE: 15.507919257346641
Epoch 334 MSE: 0.0002773305168375373
Epoch 334 val RMSE: 15.497353112425714
Best model saved at epoch 334 with Test RMSE: 15.497353112425714
Epoch 335 MSE: 0.0002768011763691902
Epoch 335 val RMSE: 15.468802280530339
Best model saved at epoch 335 with Test RMSE: 15.468802280530339
Epoch 336 MSE: 0.0002764529490377754
Epoch 336 val RMSE: 15.464672067435517
Best model saved at epoch 336 with Test RMSE: 15.464672067435517
Epoch 337 MSE: 0.0002756537578534335
Epoch 337 val RMSE: 15.43431694790662
Best model saved at epoch 337 with Test RMSE: 15.43431694790662
Epoch 338 MSE: 0.00027465313905850053
Epoch 338 val RMSE: 15.413027992084022
Best model saved at epoch 338 with Test RMSE: 15.413027992084022
Epoch 339 MSE: 0.0002739782212302089
Epoch 339 val RMSE: 15.401766668272385
Best model saved at epoch 339 with Test RMSE: 15.401766668272385
Epoch 340 MSE: 0.00027353770565241575
Epoch 340 val RMSE: 15.371693821673187
Best model saved at epoch 340 with Test RMSE: 15.371693821673187
Epoch 341 MSE: 0.0002729048137553036
Epoch 341 val RMSE: 15.367820986561497
Best model saved at epoch 341 with Test RMSE: 15.367820986561497
Epoch 342 MSE: 0.0002720281481742859
Epoch 342 val RMSE: 15.351788126522612
Best model saved at epoch 342 with Test RMSE: 15.351788126522612
Epoch 343 MSE: 0.0002712261339183897
Epoch 343 val RMSE: 15.337690535949749
Best model saved at epoch 343 with Test RMSE: 15.337690535949749
Epoch 344 MSE: 0.00027064321329817176
Epoch 344 val RMSE: 15.33626583639862
Best model saved at epoch 344 with Test RMSE: 15.33626583639862
Epoch 345 MSE: 0.00027009224868379533
Epoch 345 val RMSE: 15.314159568071869
Best model saved at epoch 345 with Test RMSE: 15.314159568071869
Epoch 346 MSE: 0.0002693849673960358
Epoch 346 val RMSE: 15.308706880323244
Best model saved at epoch 346 with Test RMSE: 15.308706880323244
Epoch 347 MSE: 0.0002685791114345193
Epoch 347 val RMSE: 15.291462549550218
Best model saved at epoch 347 with Test RMSE: 15.291462549550218
Epoch 348 MSE: 0.00026784822694025934
Epoch 348 val RMSE: 15.27234900612997
Best model saved at epoch 348 with Test RMSE: 15.27234900612997
Epoch 349 MSE: 0.00026723596965894103
Epoch 349 val RMSE: 15.264225062952294
Best model saved at epoch 349 with Test RMSE: 15.264225062952294
Epoch 350 MSE: 0.00026663613971322775
Epoch 350 val RMSE: 15.240831464378378
Best model saved at epoch 350 with Test RMSE: 15.240831464378378
Epoch 351 MSE: 0.0002659532183315605
Epoch 351 val RMSE: 15.235000988741456
Best model saved at epoch 351 with Test RMSE: 15.235000988741456
Epoch 352 MSE: 0.00026520475512370467
Epoch 352 val RMSE: 15.219946091665474
Best model saved at epoch 352 with Test RMSE: 15.219946091665474
Epoch 353 MSE: 0.00026447480195201933
Epoch 353 val RMSE: 15.208741956821402
Best model saved at epoch 353 with Test RMSE: 15.208741956821402
Epoch 354 MSE: 0.00026381033239886165
Epoch 354 val RMSE: 15.203083347996643
Best model saved at epoch 354 with Test RMSE: 15.203083347996643
Epoch 355 MSE: 0.000263184163486585
Epoch 355 val RMSE: 15.185588951911159
Best model saved at epoch 355 with Test RMSE: 15.185588951911159
Epoch 356 MSE: 0.00026254128897562623
Epoch 356 val RMSE: 15.181001253944538
Best model saved at epoch 356 with Test RMSE: 15.181001253944538
Epoch 357 MSE: 0.00026185312890447676
Epoch 357 val RMSE: 15.162196803697757
Best model saved at epoch 357 with Test RMSE: 15.162196803697757
Epoch 358 MSE: 0.0002611378731671721
Epoch 358 val RMSE: 15.151827137364851
Best model saved at epoch 358 with Test RMSE: 15.151827137364851
Epoch 359 MSE: 0.00026043009711429477
Epoch 359 val RMSE: 15.137292831855495
Best model saved at epoch 359 with Test RMSE: 15.137292831855495
Epoch 360 MSE: 0.0002597508137114346
Epoch 360 val RMSE: 15.121277406208373
Best model saved at epoch 360 with Test RMSE: 15.121277406208373
Epoch 361 MSE: 0.0002590957737993449
Epoch 361 val RMSE: 15.112828425143075
Best model saved at epoch 361 with Test RMSE: 15.112828425143075
Epoch 362 MSE: 0.00025844626361504197
Epoch 362 val RMSE: 15.095140476034363
Best model saved at epoch 362 with Test RMSE: 15.095140476034363
Epoch 363 MSE: 0.00025778517010621727
Epoch 363 val RMSE: 15.089993911853167
Best model saved at epoch 363 with Test RMSE: 15.089993911853167
Epoch 364 MSE: 0.0002571075165178627
Epoch 364 val RMSE: 15.073342627266998
Best model saved at epoch 364 with Test RMSE: 15.073342627266998
Epoch 365 MSE: 0.000256417493801564
Epoch 365 val RMSE: 15.066798692873098
Best model saved at epoch 365 with Test RMSE: 15.066798692873098
Epoch 366 MSE: 0.00025572304730303586
Epoch 366 val RMSE: 15.051591777584937
Best model saved at epoch 366 with Test RMSE: 15.051591777584937
Epoch 367 MSE: 0.0002550313947722316
Epoch 367 val RMSE: 15.040807021383268
Best model saved at epoch 367 with Test RMSE: 15.040807021383268
Epoch 368 MSE: 0.0002543453883845359
Epoch 368 val RMSE: 15.027170623027935
Best model saved at epoch 368 with Test RMSE: 15.027170623027935
Epoch 369 MSE: 0.0002536654064897448
Epoch 369 val RMSE: 15.01268232172932
Best model saved at epoch 369 with Test RMSE: 15.01268232172932
Epoch 370 MSE: 0.0002529908961150795
Epoch 370 val RMSE: 15.001560892908206
Best model saved at epoch 370 with Test RMSE: 15.001560892908206
Epoch 371 MSE: 0.00025231955805793405
Epoch 371 val RMSE: 14.985425353404585
Best model saved at epoch 371 with Test RMSE: 14.985425353404585
Epoch 372 MSE: 0.0002516504318919033
Epoch 372 val RMSE: 14.97759608212927
Best model saved at epoch 372 with Test RMSE: 14.97759608212927
Epoch 373 MSE: 0.0002509831974748522
Epoch 373 val RMSE: 14.960518311686158
Best model saved at epoch 373 with Test RMSE: 14.960518311686158
Epoch 374 MSE: 0.00025031890254467726
Epoch 374 val RMSE: 14.955768730177224
Best model saved at epoch 374 with Test RMSE: 14.955768730177224
Epoch 375 MSE: 0.0002496623492334038
Epoch 375 val RMSE: 14.936164828207763
Best model saved at epoch 375 with Test RMSE: 14.936164828207763
Epoch 376 MSE: 0.0002490196202415973
Epoch 376 val RMSE: 14.934609871753743
Best model saved at epoch 376 with Test RMSE: 14.934609871753743
Epoch 377 MSE: 0.00024840381229296327
Epoch 377 val RMSE: 14.909445494095555
Best model saved at epoch 377 with Test RMSE: 14.909445494095555
Epoch 378 MSE: 0.00024784248671494424
Epoch 378 val RMSE: 14.914229778232924
Epoch 379 MSE: 0.0002473898057360202
Epoch 379 val RMSE: 14.878599100104843
Best model saved at epoch 379 with Test RMSE: 14.878599100104843
Epoch 380 MSE: 0.0002471717889420688
Epoch 380 val RMSE: 14.898893768413174
Epoch 381 MSE: 0.000247456890065223
Epoch 381 val RMSE: 14.841030281269907
Best model saved at epoch 381 with Test RMSE: 14.841030281269907
Epoch 382 MSE: 0.0002489069302100688
Epoch 382 val RMSE: 14.89830793975522
Epoch 383 MSE: 0.0002530328056309372
Epoch 383 val RMSE: 14.78647358315669
Best model saved at epoch 383 with Test RMSE: 14.78647358315669
Epoch 384 MSE: 0.00026385343517176807
Epoch 384 val RMSE: 14.935333222489442
Epoch 385 MSE: 0.00029078146326355636
Epoch 385 val RMSE: 14.686767040388188
Best model saved at epoch 385 with Test RMSE: 14.686767040388188
Epoch 386 MSE: 0.00036096861003898084
Epoch 386 val RMSE: 15.07849689874909
Epoch 387 MSE: 0.0005318207549862564
Epoch 387 val RMSE: 14.501163830582918
Best model saved at epoch 387 with Test RMSE: 14.501163830582918
Epoch 388 MSE: 0.0009707433055154979
Epoch 388 val RMSE: 15.503543571753202
Epoch 389 MSE: 0.0017695268616080284
Epoch 389 val RMSE: 14.428159392218594
Best model saved at epoch 389 with Test RMSE: 14.428159392218594
Epoch 390 MSE: 0.0030443083960562944
Epoch 390 val RMSE: 16.060833677551386
Epoch 391 MSE: 0.0023045730777084827
Epoch 391 val RMSE: 15.517372977915501
Epoch 392 MSE: 0.0007128820871002972
Epoch 392 val RMSE: 15.54549008435857
Epoch 393 MSE: 0.0007303113234229386
Epoch 393 val RMSE: 16.012367237264314
Epoch 394 MSE: 0.0014364977832883596
Epoch 394 val RMSE: 15.210360680190472
Epoch 395 MSE: 0.0005126967444084585
Epoch 395 val RMSE: 14.879454899309515
Epoch 396 MSE: 0.0006114672869443893
Epoch 396 val RMSE: 15.103256359511773
Epoch 397 MSE: 0.0010102302767336369
Epoch 397 val RMSE: 14.637126883320972
Epoch 398 MSE: 0.0003588153631426394
Epoch 398 val RMSE: 14.517854944261469
Epoch 399 MSE: 0.000648206565529108
Epoch 399 val RMSE: 15.006313266962373
Epoch 400 MSE: 0.0006474994006566703
Epoch 400 val RMSE: 15.059034526622995
Epoch 401 MSE: 0.00030490540666505694
Epoch 401 val RMSE: 15.061199717767392
Epoch 402 MSE: 0.0006110873655416071
Epoch 402 val RMSE: 15.494512263324726
Epoch 403 MSE: 0.00033939091372303665
Epoch 403 val RMSE: 15.688083105914691
Epoch 404 MSE: 0.00047221867134794593
Epoch 404 val RMSE: 15.483849756164789
Epoch 405 MSE: 0.0004490111896302551
Epoch 405 val RMSE: 15.509738446999547
Epoch 406 MSE: 0.00034437907743267715
Epoch 406 val RMSE: 15.621359439163388
Epoch 407 MSE: 0.0004806974029634148
Epoch 407 val RMSE: 15.360607326739691
Epoch 408 MSE: 0.0002889142488129437
Epoch 408 val RMSE: 15.147394924476185
Epoch 409 MSE: 0.0004215679655317217
Epoch 409 val RMSE: 15.250379213714961
Epoch 410 MSE: 0.00033275532769039273
Epoch 410 val RMSE: 15.21858807424765
Epoch 411 MSE: 0.0003321516269352287
Epoch 411 val RMSE: 15.076562925076427
Epoch 412 MSE: 0.00038220896385610104
Epoch 412 val RMSE: 15.229767432237404
Epoch 413 MSE: 0.00027883151778951287
Epoch 413 val RMSE: 15.420728708506845
Epoch 414 MSE: 0.0003646920376922935
Epoch 414 val RMSE: 15.377572689514073
Epoch 415 MSE: 0.0002914700307883322
Epoch 415 val RMSE: 15.431292934674728
Epoch 416 MSE: 0.00031208671862259507
Epoch 416 val RMSE: 15.602744892914176
Epoch 417 MSE: 0.00032201249268837273
Epoch 417 val RMSE: 15.551475940587249
Epoch 418 MSE: 0.000276261183898896
Epoch 418 val RMSE: 15.415347371055654
Epoch 419 MSE: 0.00032334524439647794
Epoch 419 val RMSE: 15.436370190501494
Epoch 420 MSE: 0.0002698391326703131
Epoch 420 val RMSE: 15.389152154304028
Epoch 421 MSE: 0.000297281687380746
Epoch 421 val RMSE: 15.199284004614483
Epoch 422 MSE: 0.00028678675880655646
Epoch 422 val RMSE: 15.155798458963188
Epoch 423 MSE: 0.0002687840024009347
Epoch 423 val RMSE: 15.196173055644943
Epoch 424 MSE: 0.0002959568228106946
Epoch 424 val RMSE: 15.109480028073435
Epoch 425 MSE: 0.00026178339612670243
Epoch 425 val RMSE: 15.086757769970513
Epoch 426 MSE: 0.00027745941770263016
Epoch 426 val RMSE: 15.19389955673771
Epoch 427 MSE: 0.00027075267280451953
Epoch 427 val RMSE: 15.195600194095299
Epoch 428 MSE: 0.0002571196819189936
Epoch 428 val RMSE: 15.14754250112018
Epoch 429 MSE: 0.0002734725421760231
Epoch 429 val RMSE: 15.203839590092038
Epoch 430 MSE: 0.0002542121219448745
Epoch 430 val RMSE: 15.202540356018371
Epoch 431 MSE: 0.00026243829051963985
Epoch 431 val RMSE: 15.093321863266683
Epoch 432 MSE: 0.00025967141846194863
Epoch 432 val RMSE: 15.061586724290382
Epoch 433 MSE: 0.00024924721219576895
Epoch 433 val RMSE: 15.05188019119336
Epoch 434 MSE: 0.0002590221702121198
Epoch 434 val RMSE: 14.949096774881271
Epoch 435 MSE: 0.0002475546207278967
Epoch 435 val RMSE: 14.901761640826228
Epoch 436 MSE: 0.00024972850224003196
Epoch 436 val RMSE: 14.93312474740902
Epoch 437 MSE: 0.00025118247140198946
Epoch 437 val RMSE: 14.899796022388664
Epoch 438 MSE: 0.00024233281146734953
Epoch 438 val RMSE: 14.877100692003129
Epoch 439 MSE: 0.00024763622786849737
Epoch 439 val RMSE: 14.933451722447817
Epoch 440 MSE: 0.00024264688545372337
Epoch 440 val RMSE: 14.937361584903943
Epoch 441 MSE: 0.00024050594947766513
Epoch 441 val RMSE: 14.899930178075447
Epoch 442 MSE: 0.00024358236987609416
Epoch 442 val RMSE: 14.919183841912702
Epoch 443 MSE: 0.0002377812343183905
Epoch 443 val RMSE: 14.908601651336793
Epoch 444 MSE: 0.00023948466696310788
Epoch 444 val RMSE: 14.838513673448206
Epoch 445 MSE: 0.0002384630060987547
Epoch 445 val RMSE: 14.816605526111784
Epoch 446 MSE: 0.00023482769029214978
Epoch 446 val RMSE: 14.803766049820313
Epoch 447 MSE: 0.00023709353990852833
Epoch 447 val RMSE: 14.742700354586239
Epoch 448 MSE: 0.00023435613547917455
Epoch 448 val RMSE: 14.724237735104754
Epoch 449 MSE: 0.0002332200965611264
Epoch 449 val RMSE: 14.73878440533921
Epoch 450 MSE: 0.00023425533436238766
Epoch 450 val RMSE: 14.71099610400568
Epoch 451 MSE: 0.00023128521570470184
Epoch 451 val RMSE: 14.70378450217914
Epoch 452 MSE: 0.0002313604054506868
Epoch 452 val RMSE: 14.72758099097415
Epoch 453 MSE: 0.00023122697893995792
Epoch 453 val RMSE: 14.706012892199805
Epoch 454 MSE: 0.00022903206991031766
Epoch 454 val RMSE: 14.681886290057545
Epoch 455 MSE: 0.0002295043523190543
Epoch 455 val RMSE: 14.68527815225778
Epoch 456 MSE: 0.00022857033764012158
Epoch 456 val RMSE: 14.651785034169045
Epoch 457 MSE: 0.00022702790738549083
Epoch 457 val RMSE: 14.611014175254645
Epoch 458 MSE: 0.00022732809884473681
Epoch 458 val RMSE: 14.604469430408967
Epoch 459 MSE: 0.0002261542686028406
Epoch 459 val RMSE: 14.577797905460924
Epoch 460 MSE: 0.00022517687466461211
Epoch 460 val RMSE: 14.546345800490958
Epoch 461 MSE: 0.00022524372616317123
Epoch 461 val RMSE: 14.550543727088217
Epoch 462 MSE: 0.00022404691844712943
Epoch 462 val RMSE: 14.540700681822708
Epoch 463 MSE: 0.00022328924387693405
Epoch 463 val RMSE: 14.520291041460254
Epoch 464 MSE: 0.0002231182443210855
Epoch 464 val RMSE: 14.526019724048206
Epoch 465 MSE: 0.00022203665866982192
Epoch 465 val RMSE: 14.515178759791798
Epoch 466 MSE: 0.00022142479429021478
Epoch 466 val RMSE: 14.487999521222836
Epoch 467 MSE: 0.0002211137325502932
Epoch 467 val RMSE: 14.481083599874786
Epoch 468 MSE: 0.00022012241242919117
Epoch 468 val RMSE: 14.460842006539105
Epoch 469 MSE: 0.0002195224806200713
Epoch 469 val RMSE: 14.428506799793237
Epoch 470 MSE: 0.00021912208467256278
Epoch 470 val RMSE: 14.418755058482803
Best model saved at epoch 470 with Test RMSE: 14.418755058482803
Epoch 471 MSE: 0.00021824355644639581
Epoch 471 val RMSE: 14.40221184591754
Best model saved at epoch 471 with Test RMSE: 14.40221184591754
Epoch 472 MSE: 0.0002176503767259419
Epoch 472 val RMSE: 14.379243705290373
Best model saved at epoch 472 with Test RMSE: 14.379243705290373
Epoch 473 MSE: 0.00021720332733821124
Epoch 473 val RMSE: 14.37803180069908
Best model saved at epoch 473 with Test RMSE: 14.37803180069908
Epoch 474 MSE: 0.00021639220358338207
Epoch 474 val RMSE: 14.369434108435854
Best model saved at epoch 474 with Test RMSE: 14.369434108435854
Epoch 475 MSE: 0.00021576086874119937
Epoch 475 val RMSE: 14.353691960620814
Best model saved at epoch 475 with Test RMSE: 14.353691960620814
Epoch 476 MSE: 0.00021528256183955818
Epoch 476 val RMSE: 14.353372508513951
Best model saved at epoch 476 with Test RMSE: 14.353372508513951
Epoch 477 MSE: 0.00021454547822941095
Epoch 477 val RMSE: 14.341657897367277
Best model saved at epoch 477 with Test RMSE: 14.341657897367277
Epoch 478 MSE: 0.00021389532776083797
Epoch 478 val RMSE: 14.322734255467228
Best model saved at epoch 478 with Test RMSE: 14.322734255467228
Epoch 479 MSE: 0.00021338803344406188
Epoch 479 val RMSE: 14.316267159112872
Best model saved at epoch 479 with Test RMSE: 14.316267159112872
Epoch 480 MSE: 0.00021269767603371292
Epoch 480 val RMSE: 14.299228161876103
Best model saved at epoch 480 with Test RMSE: 14.299228161876103
Epoch 481 MSE: 0.00021202386415097862
Epoch 481 val RMSE: 14.280254170696246
Best model saved at epoch 481 with Test RMSE: 14.280254170696246
Epoch 482 MSE: 0.00021149060921743512
Epoch 482 val RMSE: 14.274392649862934
Best model saved at epoch 482 with Test RMSE: 14.274392649862934
Epoch 483 MSE: 0.00021085128537379205
Epoch 483 val RMSE: 14.260220794038448
Best model saved at epoch 483 with Test RMSE: 14.260220794038448
Epoch 484 MSE: 0.00021017188555561006
Epoch 484 val RMSE: 14.248324111636231
Best model saved at epoch 484 with Test RMSE: 14.248324111636231
Epoch 485 MSE: 0.00020960267283953726
Epoch 485 val RMSE: 14.246689261271426
Best model saved at epoch 485 with Test RMSE: 14.246689261271426
Epoch 486 MSE: 0.0002089938207063824
Epoch 486 val RMSE: 14.235304365585563
Best model saved at epoch 486 with Test RMSE: 14.235304365585563
Epoch 487 MSE: 0.00020832069276366383
Epoch 487 val RMSE: 14.226558209774202
Best model saved at epoch 487 with Test RMSE: 14.226558209774202
Epoch 488 MSE: 0.0002077210374409333
Epoch 488 val RMSE: 14.222620309450607
Best model saved at epoch 488 with Test RMSE: 14.222620309450607
Epoch 489 MSE: 0.00020713415869977325
Epoch 489 val RMSE: 14.207941461940836
Best model saved at epoch 489 with Test RMSE: 14.207941461940836
Epoch 490 MSE: 0.00020648105419240892
Epoch 490 val RMSE: 14.197470232782395
Best model saved at epoch 490 with Test RMSE: 14.197470232782395
Epoch 491 MSE: 0.00020585284801200032
Epoch 491 val RMSE: 14.189054025916972
Best model saved at epoch 491 with Test RMSE: 14.189054025916972
Epoch 492 MSE: 0.00020526486332528293
Epoch 492 val RMSE: 14.17296941836075
Best model saved at epoch 492 with Test RMSE: 14.17296941836075
Epoch 493 MSE: 0.00020463809778448194
Epoch 493 val RMSE: 14.164394839764874
Best model saved at epoch 493 with Test RMSE: 14.164394839764874
Epoch 494 MSE: 0.00020399896311573684
Epoch 494 val RMSE: 14.156234370679838
Best model saved at epoch 494 with Test RMSE: 14.156234370679838
Epoch 495 MSE: 0.0002033980708802119
Epoch 495 val RMSE: 14.14386994449666
Best model saved at epoch 495 with Test RMSE: 14.14386994449666
Epoch 496 MSE: 0.00020279061573091894
Epoch 496 val RMSE: 14.139313324006016
Best model saved at epoch 496 with Test RMSE: 14.139313324006016
Epoch 497 MSE: 0.00020215446420479566
Epoch 497 val RMSE: 14.131506577481895
Best model saved at epoch 497 with Test RMSE: 14.131506577481895
Epoch 498 MSE: 0.00020153475634288043
Epoch 498 val RMSE: 14.121306620110609
Best model saved at epoch 498 with Test RMSE: 14.121306620110609
Epoch 499 MSE: 0.00020093329658266157
Epoch 499 val RMSE: 14.11631899739209
Best model saved at epoch 499 with Test RMSE: 14.11631899739209
Epoch 500 MSE: 0.00020031312305945903
Epoch 500 val RMSE: 14.105318383994994
Best model saved at epoch 500 with Test RMSE: 14.105318383994994
Epoch 501 MSE: 0.00019968400010839105
Epoch 501 val RMSE: 14.094835869685017
Best model saved at epoch 501 with Test RMSE: 14.094835869685017
Epoch 502 MSE: 0.00019907212117686868
Epoch 502 val RMSE: 14.08746481944365
Best model saved at epoch 502 with Test RMSE: 14.08746481944365
Epoch 503 MSE: 0.00019846268696710467
Epoch 503 val RMSE: 14.074949458897102
Best model saved at epoch 503 with Test RMSE: 14.074949458897102
Epoch 504 MSE: 0.00019783891912084073
Epoch 504 val RMSE: 14.066638388462177
Best model saved at epoch 504 with Test RMSE: 14.066638388462177
Epoch 505 MSE: 0.00019721650460269302
Epoch 505 val RMSE: 14.05922759233821
Best model saved at epoch 505 with Test RMSE: 14.05922759233821
Epoch 506 MSE: 0.00019660549878608435
Epoch 506 val RMSE: 14.048953979216966
Best model saved at epoch 506 with Test RMSE: 14.048953979216966
Epoch 507 MSE: 0.0001959913643077016
Epoch 507 val RMSE: 14.0436983685633
Best model saved at epoch 507 with Test RMSE: 14.0436983685633
Epoch 508 MSE: 0.00019536820764187723
Epoch 508 val RMSE: 14.0359455229647
Best model saved at epoch 508 with Test RMSE: 14.0359455229647
Epoch 509 MSE: 0.00019474838336464018
Epoch 509 val RMSE: 14.02745307236013
Best model saved at epoch 509 with Test RMSE: 14.02745307236013
Epoch 510 MSE: 0.00019413550035096705
Epoch 510 val RMSE: 14.021889603813156
Best model saved at epoch 510 with Test RMSE: 14.021889603813156
Epoch 511 MSE: 0.0001935198379214853
Epoch 511 val RMSE: 14.012117863530994
Best model saved at epoch 511 with Test RMSE: 14.012117863530994
Epoch 512 MSE: 0.00019289847114123404
Epoch 512 val RMSE: 14.004386214752616
Best model saved at epoch 512 with Test RMSE: 14.004386214752616
Epoch 513 MSE: 0.00019227892335038632
Epoch 513 val RMSE: 13.997130508628757
Best model saved at epoch 513 with Test RMSE: 13.997130508628757
Epoch 514 MSE: 0.00019166381389368325
Epoch 514 val RMSE: 13.987501287247204
Best model saved at epoch 514 with Test RMSE: 13.987501287247204
Epoch 515 MSE: 0.0001910477876663208
Epoch 515 val RMSE: 13.98172220823326
Best model saved at epoch 515 with Test RMSE: 13.98172220823326
Epoch 516 MSE: 0.00019042751227971166
Epoch 516 val RMSE: 13.974256552368225
Best model saved at epoch 516 with Test RMSE: 13.974256552368225
Epoch 517 MSE: 0.00018980770255438983
Epoch 517 val RMSE: 13.967411804958601
Best model saved at epoch 517 with Test RMSE: 13.967411804958601
Epoch 518 MSE: 0.00018919109425041825
Epoch 518 val RMSE: 13.962759350559638
Best model saved at epoch 518 with Test RMSE: 13.962759350559638
Epoch 519 MSE: 0.00018857431132346392
Epoch 519 val RMSE: 13.955355714742637
Best model saved at epoch 519 with Test RMSE: 13.955355714742637
Epoch 520 MSE: 0.00018795546202454716
Epoch 520 val RMSE: 13.950293446944382
Best model saved at epoch 520 with Test RMSE: 13.950293446944382
Epoch 521 MSE: 0.0001873353321570903
Epoch 521 val RMSE: 13.944125802974517
Best model saved at epoch 521 with Test RMSE: 13.944125802974517
Epoch 522 MSE: 0.0001867170794866979
Epoch 522 val RMSE: 13.937034701804286
Best model saved at epoch 522 with Test RMSE: 13.937034701804286
Epoch 523 MSE: 0.00018609949620440602
Epoch 523 val RMSE: 13.932065443062116
Best model saved at epoch 523 with Test RMSE: 13.932065443062116
Epoch 524 MSE: 0.00018548147636465728
Epoch 524 val RMSE: 13.924878893450586
Best model saved at epoch 524 with Test RMSE: 13.924878893450586
Epoch 525 MSE: 0.0001848618994699791
Epoch 525 val RMSE: 13.919804445844305
Best model saved at epoch 525 with Test RMSE: 13.919804445844305
Epoch 526 MSE: 0.00018424239533487707
Epoch 526 val RMSE: 13.914663996859852
Best model saved at epoch 526 with Test RMSE: 13.914663996859852
Epoch 527 MSE: 0.00018362401169724762
Epoch 527 val RMSE: 13.909041700995761
Best model saved at epoch 527 with Test RMSE: 13.909041700995761
Epoch 528 MSE: 0.00018300613737665117
Epoch 528 val RMSE: 13.905517010176663
Best model saved at epoch 528 with Test RMSE: 13.905517010176663
Epoch 529 MSE: 0.0001823878410505131
Epoch 529 val RMSE: 13.90007818186337
Best model saved at epoch 529 with Test RMSE: 13.90007818186337
Epoch 530 MSE: 0.00018176865705754608
Epoch 530 val RMSE: 13.896278355157666
Best model saved at epoch 530 with Test RMSE: 13.896278355157666
Epoch 531 MSE: 0.00018114976410288364
Epoch 531 val RMSE: 13.891740477391986
Best model saved at epoch 531 with Test RMSE: 13.891740477391986
Epoch 532 MSE: 0.00018053129315376282
Epoch 532 val RMSE: 13.886831377004597
Best model saved at epoch 532 with Test RMSE: 13.886831377004597
Epoch 533 MSE: 0.00017991354980040342
Epoch 533 val RMSE: 13.883223012888108
Best model saved at epoch 533 with Test RMSE: 13.883223012888108
Epoch 534 MSE: 0.00017929587920662016
Epoch 534 val RMSE: 13.878088804909455
Best model saved at epoch 534 with Test RMSE: 13.878088804909455
Epoch 535 MSE: 0.00017867807764559984
Epoch 535 val RMSE: 13.87495930983617
Best model saved at epoch 535 with Test RMSE: 13.87495930983617
Epoch 536 MSE: 0.00017806023242883384
Epoch 536 val RMSE: 13.870831387444166
Best model saved at epoch 536 with Test RMSE: 13.870831387444166
Epoch 537 MSE: 0.00017744270735420287
Epoch 537 val RMSE: 13.867666144908473
Best model saved at epoch 537 with Test RMSE: 13.867666144908473
Epoch 538 MSE: 0.00017682579346001148
Epoch 538 val RMSE: 13.864822091392899
Best model saved at epoch 538 with Test RMSE: 13.864822091392899
Epoch 539 MSE: 0.0001762093452271074
Epoch 539 val RMSE: 13.861337344341376
Best model saved at epoch 539 with Test RMSE: 13.861337344341376
Epoch 540 MSE: 0.00017559356638230383
Epoch 540 val RMSE: 13.859160308723276
Best model saved at epoch 540 with Test RMSE: 13.859160308723276
Epoch 541 MSE: 0.00017497848602943122
Epoch 541 val RMSE: 13.855498484602997
Best model saved at epoch 541 with Test RMSE: 13.855498484602997
Epoch 542 MSE: 0.00017436353664379567
Epoch 542 val RMSE: 13.853389372089653
Best model saved at epoch 542 with Test RMSE: 13.853389372089653
Epoch 543 MSE: 0.0001737494021654129
Epoch 543 val RMSE: 13.850051582323
Best model saved at epoch 543 with Test RMSE: 13.850051582323
Epoch 544 MSE: 0.00017313583521172404
Epoch 544 val RMSE: 13.847906930911527
Best model saved at epoch 544 with Test RMSE: 13.847906930911527
Epoch 545 MSE: 0.00017252312682103366
Epoch 545 val RMSE: 13.845358589353092
Best model saved at epoch 545 with Test RMSE: 13.845358589353092
Epoch 546 MSE: 0.0001719113060971722
Epoch 546 val RMSE: 13.843273283799643
Best model saved at epoch 546 with Test RMSE: 13.843273283799643
Epoch 547 MSE: 0.00017130078049376607
Epoch 547 val RMSE: 13.841553111168446
Best model saved at epoch 547 with Test RMSE: 13.841553111168446
Epoch 548 MSE: 0.00017069109890144318
Epoch 548 val RMSE: 13.839444629793958
Best model saved at epoch 548 with Test RMSE: 13.839444629793958
Epoch 549 MSE: 0.0001700829016044736
Epoch 549 val RMSE: 13.83822955764353
Best model saved at epoch 549 with Test RMSE: 13.83822955764353
Epoch 550 MSE: 0.00016947633412200958
Epoch 550 val RMSE: 13.835896694956768
Best model saved at epoch 550 with Test RMSE: 13.835896694956768
Epoch 551 MSE: 0.00016887090168893337
Epoch 551 val RMSE: 13.834974138010308
Best model saved at epoch 551 with Test RMSE: 13.834974138010308
Epoch 552 MSE: 0.00016826680803205818
Epoch 552 val RMSE: 13.83235336570712
Best model saved at epoch 552 with Test RMSE: 13.83235336570712
Epoch 553 MSE: 0.00016766507178544998
Epoch 553 val RMSE: 13.831903835723523
Best model saved at epoch 553 with Test RMSE: 13.831903835723523
Epoch 554 MSE: 0.00016706506721675396
Epoch 554 val RMSE: 13.82894539850964
Best model saved at epoch 554 with Test RMSE: 13.82894539850964
Epoch 555 MSE: 0.00016646715812385082
Epoch 555 val RMSE: 13.829406609924273
Epoch 556 MSE: 0.00016587237769272178
Epoch 556 val RMSE: 13.825612192240689
Best model saved at epoch 556 with Test RMSE: 13.825612192240689
Epoch 557 MSE: 0.00016528097330592573
Epoch 557 val RMSE: 13.827651055613904
Epoch 558 MSE: 0.0001646939490456134
Epoch 558 val RMSE: 13.821556746915418
Best model saved at epoch 558 with Test RMSE: 13.821556746915418
Epoch 559 MSE: 0.00016411532124038786
Epoch 559 val RMSE: 13.826896242193431
Epoch 560 MSE: 0.00016355158004444093
Epoch 560 val RMSE: 13.815158777970916
Best model saved at epoch 560 with Test RMSE: 13.815158777970916
Epoch 561 MSE: 0.00016301973664667457
Epoch 561 val RMSE: 13.82884167899167
Epoch 562 MSE: 0.00016256322851404548
Epoch 562 val RMSE: 13.803005632018667
Best model saved at epoch 562 with Test RMSE: 13.803005632018667
Epoch 563 MSE: 0.0001622978161321953
Epoch 563 val RMSE: 13.839383437695007
Epoch 564 MSE: 0.0001625362638151273
Epoch 564 val RMSE: 13.77522100974019
Best model saved at epoch 564 with Test RMSE: 13.77522100974019
Epoch 565 MSE: 0.00016418234736192971
Epoch 565 val RMSE: 13.876862821882463
Epoch 566 MSE: 0.0001698429259704426
Epoch 566 val RMSE: 13.700714003619826
Best model saved at epoch 566 with Test RMSE: 13.700714003619826
Epoch 567 MSE: 0.00018756475765258074
Epoch 567 val RMSE: 14.002950629877027
Epoch 568 MSE: 0.00024151489196810871
Epoch 568 val RMSE: 13.48671718867656
Best model saved at epoch 568 with Test RMSE: 13.48671718867656
Epoch 569 MSE: 0.00041002349462360144
Epoch 569 val RMSE: 14.430766066891382
Epoch 570 MSE: 0.0009051903616636992
Epoch 570 val RMSE: 12.987326680147651
Best model saved at epoch 570 with Test RMSE: 12.987326680147651
Epoch 571 MSE: 0.0022882595658302307
Epoch 571 val RMSE: 15.481508114710898
Epoch 572 MSE: 0.0043796515092253685
Epoch 572 val RMSE: 13.266531366268559
Epoch 573 MSE: 0.00538636976853013
Epoch 573 val RMSE: 15.23313646808409
Epoch 574 MSE: 0.0007959668291732669
Epoch 574 val RMSE: 15.788079625209429
Epoch 575 MSE: 0.002336950972676277
Epoch 575 val RMSE: 14.360748922641209
Epoch 576 MSE: 0.0028156163170933723
Epoch 576 val RMSE: 14.468819076340239
Epoch 577 MSE: 0.0007167719886638224
Epoch 577 val RMSE: 14.829419480509216
Epoch 578 MSE: 0.0030883329454809427
Epoch 578 val RMSE: 13.677555739453574
Epoch 579 MSE: 0.0005777516053058207
Epoch 579 val RMSE: 13.110656457406725
Epoch 580 MSE: 0.0017906720750033855
Epoch 580 val RMSE: 13.599773607052652
Epoch 581 MSE: 0.0010926227550953627
Epoch 581 val RMSE: 13.487457665632414
Epoch 582 MSE: 0.0007432147394865751
Epoch 582 val RMSE: 13.02914975300126
Epoch 583 MSE: 0.0014441420789808035
Epoch 583 val RMSE: 13.440825011045233
Epoch 584 MSE: 0.0003971893456764519
Epoch 584 val RMSE: 14.078070264703529
Epoch 585 MSE: 0.0013924911618232727
Epoch 585 val RMSE: 13.977856699268076
Epoch 586 MSE: 0.0003057916765101254
Epoch 586 val RMSE: 13.882990555273475
Epoch 587 MSE: 0.001094989012926817
Epoch 587 val RMSE: 14.308279156383279
Epoch 588 MSE: 0.0003273659967817366
Epoch 588 val RMSE: 14.545691223819889
Epoch 589 MSE: 0.0009535333956591785
Epoch 589 val RMSE: 14.1729941804153
Epoch 590 MSE: 0.00035006916732527316
Epoch 590 val RMSE: 13.909208450228721
Epoch 591 MSE: 0.0007641331176273525
Epoch 591 val RMSE: 14.059069134432685
Epoch 592 MSE: 0.0003238851495552808
Epoch 592 val RMSE: 14.028961198867718
Epoch 593 MSE: 0.0006396452663466334
Epoch 593 val RMSE: 13.633186890453716
Epoch 594 MSE: 0.00035924132680520415
Epoch 594 val RMSE: 13.501754081646206
Epoch 595 MSE: 0.0005218994920141995
Epoch 595 val RMSE: 13.743647547153945
Epoch 596 MSE: 0.0003682024544104934
Epoch 596 val RMSE: 13.80350584748819
Epoch 597 MSE: 0.00041867949767038226
Epoch 597 val RMSE: 13.645564527509078
Epoch 598 MSE: 0.0003756712831091136
Epoch 598 val RMSE: 13.755783251999015
Epoch 599 MSE: 0.00034632126335054636
Epoch 599 val RMSE: 14.071264087581504
Epoch 600 MSE: 0.000359600962838158
Epoch 600 val RMSE: 14.125950063976616
Epoch 601 MSE: 0.00029812348657287657
Epoch 601 val RMSE: 13.990245145404552
Epoch 602 MSE: 0.00034668255830183625
Epoch 602 val RMSE: 14.048611305543968
Epoch 603 MSE: 0.00027515567489899695
Epoch 603 val RMSE: 14.198226302146093
Epoch 604 MSE: 0.0003284883568994701
Epoch 604 val RMSE: 14.095525997614068
Epoch 605 MSE: 0.00024779164232313633
Epoch 605 val RMSE: 13.878206449603367
Epoch 606 MSE: 0.00030964368488639593
Epoch 606 val RMSE: 13.86601557547997
Epoch 607 MSE: 0.0002312119904672727
Epoch 607 val RMSE: 13.933612366822437
Epoch 608 MSE: 0.00029745945357717574
Epoch 608 val RMSE: 13.820202643182654
Epoch 609 MSE: 0.00021887494949623942
Epoch 609 val RMSE: 13.694369886985035
Epoch 610 MSE: 0.00028397011919878423
Epoch 610 val RMSE: 13.78042288653148
Epoch 611 MSE: 0.0002120648860000074
Epoch 611 val RMSE: 13.899668715666335
Epoch 612 MSE: 0.0002693654678296298
Epoch 612 val RMSE: 13.857933201674422
Epoch 613 MSE: 0.00020697563013527542
Epoch 613 val RMSE: 13.833528141963358
Epoch 614 MSE: 0.0002528505283407867
Epoch 614 val RMSE: 13.956477498285743
Epoch 615 MSE: 0.00020566023886203766
Epoch 615 val RMSE: 14.031870940812183
Epoch 616 MSE: 0.000240537992794998
Epoch 616 val RMSE: 13.950914709804314
Epoch 617 MSE: 0.00020607856276910752
Epoch 617 val RMSE: 13.901757086701531
Epoch 618 MSE: 0.0002279646578244865
Epoch 618 val RMSE: 13.955767920539275
Epoch 619 MSE: 0.0002049008326139301
Epoch 619 val RMSE: 13.939041941926607
Epoch 620 MSE: 0.0002163272729376331
Epoch 620 val RMSE: 13.822078921879163
Epoch 621 MSE: 0.00020450525335036218
Epoch 621 val RMSE: 13.7836906365268
Epoch 622 MSE: 0.0002068753819912672
Epoch 622 val RMSE: 13.834549509537199
Epoch 623 MSE: 0.0002040919498540461
Epoch 623 val RMSE: 13.819599243183122
Epoch 624 MSE: 0.00019909042748622596
Epoch 624 val RMSE: 13.761444322945017
Epoch 625 MSE: 0.00020261405734345317
Epoch 625 val RMSE: 13.79707849510178
Epoch 626 MSE: 0.00019280984997749329
Epoch 626 val RMSE: 13.875842369558821
Epoch 627 MSE: 0.00019973856979049742
Epoch 627 val RMSE: 13.87284985627559
Epoch 628 MSE: 0.0001882567157736048
Epoch 628 val RMSE: 13.847358732699544
Epoch 629 MSE: 0.00019637781952042133
Epoch 629 val RMSE: 13.891512006796127
Epoch 630 MSE: 0.0001855530426837504
Epoch 630 val RMSE: 13.927642757770819
Epoch 631 MSE: 0.00019282715220469981
Epoch 631 val RMSE: 13.88179028664891
Epoch 632 MSE: 0.0001835431467043236
Epoch 632 val RMSE: 13.839424783737456
Epoch 633 MSE: 0.00018877167894970626
Epoch 633 val RMSE: 13.855049705567643
Epoch 634 MSE: 0.00018197014287579805
Epoch 634 val RMSE: 13.846779106563972
Epoch 635 MSE: 0.00018497524433769286
Epoch 635 val RMSE: 13.78804772292893
Epoch 636 MSE: 0.00018096473650075495
Epoch 636 val RMSE: 13.766233536847166
Epoch 637 MSE: 0.00018161151092499495
Epoch 637 val RMSE: 13.791981365996692
Epoch 638 MSE: 0.00017997865506913513
Epoch 638 val RMSE: 13.78555196106031
Epoch 639 MSE: 0.00017858528008218855
Epoch 639 val RMSE: 13.754101505643291
Epoch 640 MSE: 0.00017870725423563272
Epoch 640 val RMSE: 13.765659916776091
Epoch 641 MSE: 0.0001760841259965673
Epoch 641 val RMSE: 13.79352132230019
Epoch 642 MSE: 0.00017725212092045695
Epoch 642 val RMSE: 13.776324786886706
Epoch 643 MSE: 0.00017422671953681856
Epoch 643 val RMSE: 13.748210998674065
Epoch 644 MSE: 0.00017563707660883665
Epoch 644 val RMSE: 13.753809175850272
Epoch 645 MSE: 0.00017281110922340304
Epoch 645 val RMSE: 13.750291855922436
Epoch 646 MSE: 0.00017383354133926332
Epoch 646 val RMSE: 13.708211200637706
Epoch 647 MSE: 0.00017162687436211854
Epoch 647 val RMSE: 13.676927079961564
Epoch 648 MSE: 0.00017197118722833693
Epoch 648 val RMSE: 13.674551635309943
Epoch 649 MSE: 0.0001706160546746105
Epoch 649 val RMSE: 13.65535050491599
Epoch 650 MSE: 0.00017023240798152983
Epoch 650 val RMSE: 13.61821949080016
Epoch 651 MSE: 0.0001696413237368688
Epoch 651 val RMSE: 13.607400989694392
Epoch 652 MSE: 0.00016864706412889063
Epoch 652 val RMSE: 13.612250005775186
Epoch 653 MSE: 0.0001685401948634535
Epoch 653 val RMSE: 13.594290466087857
Epoch 654 MSE: 0.00016724532179068774
Epoch 654 val RMSE: 13.572004653061919
Epoch 655 MSE: 0.00016732462972868234
Epoch 655 val RMSE: 13.572320573217665
Epoch 656 MSE: 0.00016606878489255905
Epoch 656 val RMSE: 13.567747445760963
Epoch 657 MSE: 0.00016605207929387689
Epoch 657 val RMSE: 13.539645720091274
Epoch 658 MSE: 0.0001650366757530719
Epoch 658 val RMSE: 13.51767336808124
Epoch 659 MSE: 0.00016474330914206803
Epoch 659 val RMSE: 13.509902148227702
Epoch 660 MSE: 0.00016404267807956785
Epoch 660 val RMSE: 13.487976936908883
Epoch 661 MSE: 0.0001634661020943895
Epoch 661 val RMSE: 13.455430102496317
Epoch 662 MSE: 0.00016304600285366178
Epoch 662 val RMSE: 13.439343419158762
Epoch 663 MSE: 0.00016229368338827044
Epoch 663 val RMSE: 13.429786916989494
Epoch 664 MSE: 0.00016201287508010864
Epoch 664 val RMSE: 13.406778107313853
Epoch 665 MSE: 0.00016122429224196821
Epoch 665 val RMSE: 13.386760354290471
Epoch 666 MSE: 0.00016092737496364862
Epoch 666 val RMSE: 13.382091317951472
Epoch 667 MSE: 0.00016022934869397432
Epoch 667 val RMSE: 13.372456816844068
Epoch 668 MSE: 0.0001598258240846917
Epoch 668 val RMSE: 13.352185908317537
Epoch 669 MSE: 0.0001592788757989183
Epoch 669 val RMSE: 13.340269255658844
Epoch 670 MSE: 0.0001587554725119844
Epoch 670 val RMSE: 13.333734760599357
Epoch 671 MSE: 0.0001583286066306755
Epoch 671 val RMSE: 13.315534791996715
Epoch 672 MSE: 0.00015773234190419316
Epoch 672 val RMSE: 13.29455617909163
Epoch 673 MSE: 0.000157350383233279
Epoch 673 val RMSE: 13.283543574936116
Epoch 674 MSE: 0.00015675959002692252
Epoch 674 val RMSE: 13.270524161593524
Epoch 675 MSE: 0.00015635459567420185
Epoch 675 val RMSE: 13.249615357771948
Epoch 676 MSE: 0.00015582723426632583
Epoch 676 val RMSE: 13.235145159113763
Epoch 677 MSE: 0.0001553643523948267
Epoch 677 val RMSE: 13.227606509667929
Epoch 678 MSE: 0.00015490618534386158
Epoch 678 val RMSE: 13.214023908577028
Epoch 679 MSE: 0.0001543960242997855
Epoch 679 val RMSE: 13.198996210945834
Epoch 680 MSE: 0.00015397628885693848
Epoch 680 val RMSE: 13.191863147254766
Epoch 681 MSE: 0.0001534602779429406
Epoch 681 val RMSE: 13.183679976569872
Epoch 682 MSE: 0.00015303833060897887
Epoch 682 val RMSE: 13.168740475383657
Epoch 683 MSE: 0.00015255191829055548
Epoch 683 val RMSE: 13.156865846260057
Epoch 684 MSE: 0.00015210318088065833
Epoch 684 val RMSE: 13.148607512455513
Epoch 685 MSE: 0.00015165434160735458
Epoch 685 val RMSE: 13.13468938755756
Epoch 686 MSE: 0.00015118201554287225
Epoch 686 val RMSE: 13.118963106631716
Epoch 687 MSE: 0.00015075577539391816
Epoch 687 val RMSE: 13.10873771637077
Epoch 688 MSE: 0.00015028337656985968
Epoch 688 val RMSE: 13.097878763394702
Epoch 689 MSE: 0.00014985651068855077
Epoch 689 val RMSE: 13.083101954914794
Epoch 690 MSE: 0.0001494033058406785
Epoch 690 val RMSE: 13.07193572276268
Epoch 691 MSE: 0.00014896311040502042
Epoch 691 val RMSE: 13.064033089796162
Epoch 692 MSE: 0.0001485312677687034
Epoch 692 val RMSE: 13.052554784461439
Epoch 693 MSE: 0.00014808295236434788
Epoch 693 val RMSE: 13.04070014337774
Epoch 694 MSE: 0.0001476617471780628
Epoch 694 val RMSE: 13.032691345273696
Epoch 695 MSE: 0.00014721920888405293
Epoch 695 val RMSE: 13.023065498773764
Epoch 696 MSE: 0.00014679635933134705
Epoch 696 val RMSE: 13.010246933419623
Epoch 697 MSE: 0.00014636787818744779
Epoch 697 val RMSE: 12.999798699801145
Epoch 698 MSE: 0.00014593957166653126
Epoch 698 val RMSE: 12.990392215672019
Epoch 699 MSE: 0.00014552322681993246
Epoch 699 val RMSE: 12.977822386724485
Best model saved at epoch 699 with Test RMSE: 12.977822386724485
Epoch 700 MSE: 0.00014509576431009918
Epoch 700 val RMSE: 12.965774672815
Best model saved at epoch 700 with Test RMSE: 12.965774672815
Epoch 701 MSE: 0.00014468339213635772
Epoch 701 val RMSE: 12.956557827875052
Best model saved at epoch 701 with Test RMSE: 12.956557827875052
Epoch 702 MSE: 0.0001442645734641701
Epoch 702 val RMSE: 12.945926004812105
Best model saved at epoch 702 with Test RMSE: 12.945926004812105
Epoch 703 MSE: 0.00014385086251422763
Epoch 703 val RMSE: 12.934200732321436
Best model saved at epoch 703 with Test RMSE: 12.934200732321436
Epoch 704 MSE: 0.00014344212831929326
Epoch 704 val RMSE: 12.925129601660734
Best model saved at epoch 704 with Test RMSE: 12.925129601660734
Epoch 705 MSE: 0.00014302921772468835
Epoch 705 val RMSE: 12.916294281216434
Best model saved at epoch 705 with Test RMSE: 12.916294281216434
Epoch 706 MSE: 0.0001426259841537103
Epoch 706 val RMSE: 12.905359121984278
Best model saved at epoch 706 with Test RMSE: 12.905359121984278
Epoch 707 MSE: 0.0001422190252924338
Epoch 707 val RMSE: 12.895533511487551
Best model saved at epoch 707 with Test RMSE: 12.895533511487551
Epoch 708 MSE: 0.00014181746519170702
Epoch 708 val RMSE: 12.886923592642939
Best model saved at epoch 708 with Test RMSE: 12.886923592642939
Epoch 709 MSE: 0.00014141843712422997
Epoch 709 val RMSE: 12.876368773949213
Best model saved at epoch 709 with Test RMSE: 12.876368773949213
Epoch 710 MSE: 0.00014101856504566967
Epoch 710 val RMSE: 12.865492189660937
Best model saved at epoch 710 with Test RMSE: 12.865492189660937
Epoch 711 MSE: 0.00014062540140002966
Epoch 711 val RMSE: 12.856323325059796
Best model saved at epoch 711 with Test RMSE: 12.856323325059796
Epoch 712 MSE: 0.00014023034600540996
Epoch 712 val RMSE: 12.846374095151445
Best model saved at epoch 712 with Test RMSE: 12.846374095151445
Epoch 713 MSE: 0.0001398402382619679
Epoch 713 val RMSE: 12.835443562658648
Best model saved at epoch 713 with Test RMSE: 12.835443562658648
Epoch 714 MSE: 0.00013945187674835324
Epoch 714 val RMSE: 12.826131872605886
Best model saved at epoch 714 with Test RMSE: 12.826131872605886
Epoch 715 MSE: 0.00013906447566114366
Epoch 715 val RMSE: 12.817240214980588
Best model saved at epoch 715 with Test RMSE: 12.817240214980588
Epoch 716 MSE: 0.00013868161477148533
Epoch 716 val RMSE: 12.807187351310299
Best model saved at epoch 716 with Test RMSE: 12.807187351310299
Epoch 717 MSE: 0.00013829884119331837
Epoch 717 val RMSE: 12.797999368721538
Best model saved at epoch 717 with Test RMSE: 12.797999368721538
Epoch 718 MSE: 0.00013791969104204327
Epoch 718 val RMSE: 12.78978908481232
Best model saved at epoch 718 with Test RMSE: 12.78978908481232
Epoch 719 MSE: 0.0001375429128529504
Epoch 719 val RMSE: 12.780489500220028
Best model saved at epoch 719 with Test RMSE: 12.780489500220028
Epoch 720 MSE: 0.00013716724060941488
Epoch 720 val RMSE: 12.771119222920703
Best model saved at epoch 720 with Test RMSE: 12.771119222920703
Epoch 721 MSE: 0.00013679552648682147
Epoch 721 val RMSE: 12.762806164453265
Best model saved at epoch 721 with Test RMSE: 12.762806164453265
Epoch 722 MSE: 0.00013642472913488746
Epoch 722 val RMSE: 12.75383566213238
Best model saved at epoch 722 with Test RMSE: 12.75383566213238
Epoch 723 MSE: 0.00013605682761408389
Epoch 723 val RMSE: 12.744279962121425
Best model saved at epoch 723 with Test RMSE: 12.744279962121425
Epoch 724 MSE: 0.00013569147267844528
Epoch 724 val RMSE: 12.735714557611942
Best model saved at epoch 724 with Test RMSE: 12.735714557611942
Epoch 725 MSE: 0.00013532789307646453
Epoch 725 val RMSE: 12.727167966337184
Best model saved at epoch 725 with Test RMSE: 12.727167966337184
Epoch 726 MSE: 0.0001349671365460381
Epoch 726 val RMSE: 12.717945570192034
Best model saved at epoch 726 with Test RMSE: 12.717945570192034
Epoch 727 MSE: 0.00013460847549140453
Epoch 727 val RMSE: 12.709504687414615
Best model saved at epoch 727 with Test RMSE: 12.709504687414615
Epoch 728 MSE: 0.00013425196812022477
Epoch 728 val RMSE: 12.701553153636308
Best model saved at epoch 728 with Test RMSE: 12.701553153636308
Epoch 729 MSE: 0.000133898327476345
Epoch 729 val RMSE: 12.69297153897612
Best model saved at epoch 729 with Test RMSE: 12.69297153897612
Epoch 730 MSE: 0.00013354643306229264
Epoch 730 val RMSE: 12.684732370165891
Best model saved at epoch 730 with Test RMSE: 12.684732370165891
Epoch 731 MSE: 0.00013319724530447274
Epoch 731 val RMSE: 12.677121582642242
Best model saved at epoch 731 with Test RMSE: 12.677121582642242
Epoch 732 MSE: 0.00013285015302244574
Epoch 732 val RMSE: 12.6689552113606
Best model saved at epoch 732 with Test RMSE: 12.6689552113606
Epoch 733 MSE: 0.00013250541815068573
Epoch 733 val RMSE: 12.660720902056314
Best model saved at epoch 733 with Test RMSE: 12.660720902056314
Epoch 734 MSE: 0.0001321635936619714
Epoch 734 val RMSE: 12.65311134885964
Best model saved at epoch 734 with Test RMSE: 12.65311134885964
Epoch 735 MSE: 0.00013182354450691491
Epoch 735 val RMSE: 12.645185291626625
Best model saved at epoch 735 with Test RMSE: 12.645185291626625
Epoch 736 MSE: 0.00013148591096978635
Epoch 736 val RMSE: 12.637010356952263
Best model saved at epoch 736 with Test RMSE: 12.637010356952263
Epoch 737 MSE: 0.00013115086767356843
Epoch 737 val RMSE: 12.629452968176833
Best model saved at epoch 737 with Test RMSE: 12.629452968176833
Epoch 738 MSE: 0.0001308179198531434
Epoch 738 val RMSE: 12.621891054396821
Best model saved at epoch 738 with Test RMSE: 12.621891054396821
Epoch 739 MSE: 0.0001304873585468158
Epoch 739 val RMSE: 12.614048201752395
Best model saved at epoch 739 with Test RMSE: 12.614048201752395
Epoch 740 MSE: 0.00013015927106607705
Epoch 740 val RMSE: 12.606730017083446
Best model saved at epoch 740 with Test RMSE: 12.606730017083446
Epoch 741 MSE: 0.00012983352644369006
Epoch 741 val RMSE: 12.59959529650624
Best model saved at epoch 741 with Test RMSE: 12.59959529650624
Epoch 742 MSE: 0.00012951016833540052
Epoch 742 val RMSE: 12.59214268880071
Best model saved at epoch 742 with Test RMSE: 12.59214268880071
Epoch 743 MSE: 0.00012918899301439524
Epoch 743 val RMSE: 12.585013035376083
Best model saved at epoch 743 with Test RMSE: 12.585013035376083
Epoch 744 MSE: 0.00012887018965557218
Epoch 744 val RMSE: 12.578123180318192
Best model saved at epoch 744 with Test RMSE: 12.578123180318192
Epoch 745 MSE: 0.00012855372915510088
Epoch 745 val RMSE: 12.570900001808493
Best model saved at epoch 745 with Test RMSE: 12.570900001808493
Epoch 746 MSE: 0.00012823955330532044
Epoch 746 val RMSE: 12.56383298567727
Best model saved at epoch 746 with Test RMSE: 12.56383298567727
Epoch 747 MSE: 0.0001279280404560268
Epoch 747 val RMSE: 12.557050595315777
Best model saved at epoch 747 with Test RMSE: 12.557050595315777
Epoch 748 MSE: 0.00012761884136125445
Epoch 748 val RMSE: 12.550021982363717
Best model saved at epoch 748 with Test RMSE: 12.550021982363717
Epoch 749 MSE: 0.0001273116358788684
Epoch 749 val RMSE: 12.543083710739133
Best model saved at epoch 749 with Test RMSE: 12.543083710739133
Epoch 750 MSE: 0.00012700723891612142
Epoch 750 val RMSE: 12.53648910022104
Best model saved at epoch 750 with Test RMSE: 12.53648910022104
Epoch 751 MSE: 0.000126704660942778
Epoch 751 val RMSE: 12.529757670063209
Best model saved at epoch 751 with Test RMSE: 12.529757670063209
Epoch 752 MSE: 0.00012640474596992135
Epoch 752 val RMSE: 12.523070750634233
Best model saved at epoch 752 with Test RMSE: 12.523070750634233
Epoch 753 MSE: 0.00012610736303031445
Epoch 753 val RMSE: 12.516719165459941
Best model saved at epoch 753 with Test RMSE: 12.516719165459941
Epoch 754 MSE: 0.00012581176997628063
Epoch 754 val RMSE: 12.510288124578144
Best model saved at epoch 754 with Test RMSE: 12.510288124578144
Epoch 755 MSE: 0.00012551889813039452
Epoch 755 val RMSE: 12.50382753899781
Best model saved at epoch 755 with Test RMSE: 12.50382753899781
Epoch 756 MSE: 0.00012522835459094495
Epoch 756 val RMSE: 12.497641379038786
Best model saved at epoch 756 with Test RMSE: 12.497641379038786
Epoch 757 MSE: 0.00012493995018303394
Epoch 757 val RMSE: 12.491400850779057
Best model saved at epoch 757 with Test RMSE: 12.491400850779057
Epoch 758 MSE: 0.00012465400504879653
Epoch 758 val RMSE: 12.485095484333698
Best model saved at epoch 758 with Test RMSE: 12.485095484333698
Epoch 759 MSE: 0.00012437059194780886
Epoch 759 val RMSE: 12.479027205480289
Best model saved at epoch 759 with Test RMSE: 12.479027205480289
Epoch 760 MSE: 0.00012408911425154656
Epoch 760 val RMSE: 12.472957197668997
Best model saved at epoch 760 with Test RMSE: 12.472957197668997
Epoch 761 MSE: 0.00012381003762129694
Epoch 761 val RMSE: 12.466834664530301
Best model saved at epoch 761 with Test RMSE: 12.466834664530301
Epoch 762 MSE: 0.00012353349302429706
Epoch 762 val RMSE: 12.460949133027485
Best model saved at epoch 762 with Test RMSE: 12.460949133027485
Epoch 763 MSE: 0.00012325882562436163
Epoch 763 val RMSE: 12.45510553671321
Best model saved at epoch 763 with Test RMSE: 12.45510553671321
Epoch 764 MSE: 0.00012298695219215006
Epoch 764 val RMSE: 12.44922120136468
Best model saved at epoch 764 with Test RMSE: 12.44922120136468
Epoch 765 MSE: 0.00012271721789147705
Epoch 765 val RMSE: 12.443554195471043
Best model saved at epoch 765 with Test RMSE: 12.443554195471043
Epoch 766 MSE: 0.00012244938989169896
Epoch 766 val RMSE: 12.437932452634122
Best model saved at epoch 766 with Test RMSE: 12.437932452634122
Epoch 767 MSE: 0.0001221842539962381
Epoch 767 val RMSE: 12.432260914660507
Best model saved at epoch 767 with Test RMSE: 12.432260914660507
Epoch 768 MSE: 0.00012192132271593437
Epoch 768 val RMSE: 12.4267611508468
Best model saved at epoch 768 with Test RMSE: 12.4267611508468
Epoch 769 MSE: 0.0001216606906382367
Epoch 769 val RMSE: 12.421306861024817
Best model saved at epoch 769 with Test RMSE: 12.421306861024817
Epoch 770 MSE: 0.00012140206672484055
Epoch 770 val RMSE: 12.415802244951479
Best model saved at epoch 770 with Test RMSE: 12.415802244951479
Epoch 771 MSE: 0.00012114586570532992
Epoch 771 val RMSE: 12.410447647664837
Best model saved at epoch 771 with Test RMSE: 12.410447647664837
Epoch 772 MSE: 0.00012089213851140812
Epoch 772 val RMSE: 12.405160236300103
Best model saved at epoch 772 with Test RMSE: 12.405160236300103
Epoch 773 MSE: 0.00012064044858561829
Epoch 773 val RMSE: 12.399841036854376
Best model saved at epoch 773 with Test RMSE: 12.399841036854376
Epoch 774 MSE: 0.00012039092689519748
Epoch 774 val RMSE: 12.394677133359883
Best model saved at epoch 774 with Test RMSE: 12.394677133359883
Epoch 775 MSE: 0.00012014350795652717
Epoch 775 val RMSE: 12.389585588496796
Best model saved at epoch 775 with Test RMSE: 12.389585588496796
Epoch 776 MSE: 0.00011989867925876752
Epoch 776 val RMSE: 12.384479629494304
Best model saved at epoch 776 with Test RMSE: 12.384479629494304
Epoch 777 MSE: 0.00011965604790020734
Epoch 777 val RMSE: 12.37951516134145
Best model saved at epoch 777 with Test RMSE: 12.37951516134145
Epoch 778 MSE: 0.00011941522097913548
Epoch 778 val RMSE: 12.37461158836473
Best model saved at epoch 778 with Test RMSE: 12.37461158836473
Epoch 779 MSE: 0.00011917694064322859
Epoch 779 val RMSE: 12.369693735906203
Best model saved at epoch 779 with Test RMSE: 12.369693735906203
Epoch 780 MSE: 0.00011894059571204707
Epoch 780 val RMSE: 12.364900417273953
Best model saved at epoch 780 with Test RMSE: 12.364900417273953
Epoch 781 MSE: 0.00011870647722389549
Epoch 781 val RMSE: 12.360151534154653
Best model saved at epoch 781 with Test RMSE: 12.360151534154653
Epoch 782 MSE: 0.00011847467249026522
Epoch 782 val RMSE: 12.355401443264348
Best model saved at epoch 782 with Test RMSE: 12.355401443264348
Epoch 783 MSE: 0.00011824480316136032
Epoch 783 val RMSE: 12.35076874722626
Best model saved at epoch 783 with Test RMSE: 12.35076874722626
Epoch 784 MSE: 0.0001180172257591039
Epoch 784 val RMSE: 12.34618065961627
Best model saved at epoch 784 with Test RMSE: 12.34618065961627
Epoch 785 MSE: 0.0001177918238681741
Epoch 785 val RMSE: 12.341613121011003
Best model saved at epoch 785 with Test RMSE: 12.341613121011003
Epoch 786 MSE: 0.00011756833555409685
Epoch 786 val RMSE: 12.337159534151034
Best model saved at epoch 786 with Test RMSE: 12.337159534151034
Epoch 787 MSE: 0.00011734707368304953
Epoch 787 val RMSE: 12.332747643113068
Best model saved at epoch 787 with Test RMSE: 12.332747643113068
Epoch 788 MSE: 0.00011712824198184535
Epoch 788 val RMSE: 12.328368828783296
Best model saved at epoch 788 with Test RMSE: 12.328368828783296
Epoch 789 MSE: 0.00011691117833834141
Epoch 789 val RMSE: 12.324093080777663
Best model saved at epoch 789 with Test RMSE: 12.324093080777663
Epoch 790 MSE: 0.00011669601371977478
Epoch 790 val RMSE: 12.31984185848052
Best model saved at epoch 790 with Test RMSE: 12.31984185848052
Epoch 791 MSE: 0.00011648317740764469
Epoch 791 val RMSE: 12.315633152472879
Best model saved at epoch 791 with Test RMSE: 12.315633152472879
Epoch 792 MSE: 0.00011627231288002804
Epoch 792 val RMSE: 12.311511624550631
Best model saved at epoch 792 with Test RMSE: 12.311511624550631
Epoch 793 MSE: 0.00011606367479544133
Epoch 793 val RMSE: 12.307407933397775
Best model saved at epoch 793 with Test RMSE: 12.307407933397775
Epoch 794 MSE: 0.00011585673928493634
Epoch 794 val RMSE: 12.30335744299568
Best model saved at epoch 794 with Test RMSE: 12.30335744299568
Epoch 795 MSE: 0.0001156519865617156
Epoch 795 val RMSE: 12.299385018210133
Best model saved at epoch 795 with Test RMSE: 12.299385018210133
Epoch 796 MSE: 0.00011544924200279638
Epoch 796 val RMSE: 12.295437991798268
Best model saved at epoch 796 with Test RMSE: 12.295437991798268
Epoch 797 MSE: 0.0001152485201600939
Epoch 797 val RMSE: 12.291547423393176
Best model saved at epoch 797 with Test RMSE: 12.291547423393176
Epoch 798 MSE: 0.00011504991562105715
Epoch 798 val RMSE: 12.287735097970277
Best model saved at epoch 798 with Test RMSE: 12.287735097970277
Epoch 799 MSE: 0.00011485270078992471
Epoch 799 val RMSE: 12.283943948531517
Best model saved at epoch 799 with Test RMSE: 12.283943948531517
Epoch 800 MSE: 0.00011465811257949099
Epoch 800 val RMSE: 12.280217484030082
Best model saved at epoch 800 with Test RMSE: 12.280217484030082
Epoch 801 MSE: 0.00011446527787484229
Epoch 801 val RMSE: 12.276552656067073
Best model saved at epoch 801 with Test RMSE: 12.276552656067073
Epoch 802 MSE: 0.00011427405115682632
Epoch 802 val RMSE: 12.272908491344424
Best model saved at epoch 802 with Test RMSE: 12.272908491344424
Epoch 803 MSE: 0.00011408491263864562
Epoch 803 val RMSE: 12.269335376301843
Best model saved at epoch 803 with Test RMSE: 12.269335376301843
Epoch 804 MSE: 0.00011389778956072405
Epoch 804 val RMSE: 12.26580351681397
Best model saved at epoch 804 with Test RMSE: 12.26580351681397
Epoch 805 MSE: 0.00011371243454050273
Epoch 805 val RMSE: 12.262300504875705
Best model saved at epoch 805 with Test RMSE: 12.262300504875705
Epoch 806 MSE: 0.00011352897126926109
Epoch 806 val RMSE: 12.258868685575978
Best model saved at epoch 806 with Test RMSE: 12.258868685575978
Epoch 807 MSE: 0.00011334743612678722
Epoch 807 val RMSE: 12.2554676543475
Best model saved at epoch 807 with Test RMSE: 12.2554676543475
Epoch 808 MSE: 0.0001131675235228613
Epoch 808 val RMSE: 12.252108022743538
Best model saved at epoch 808 with Test RMSE: 12.252108022743538
Epoch 809 MSE: 0.00011298966273898259
Epoch 809 val RMSE: 12.24881598531026
Best model saved at epoch 809 with Test RMSE: 12.24881598531026
Epoch 810 MSE: 0.00011281343904556707
Epoch 810 val RMSE: 12.245551099420378
Best model saved at epoch 810 with Test RMSE: 12.245551099420378
Epoch 811 MSE: 0.0001126391944126226
Epoch 811 val RMSE: 12.242333952338743
Best model saved at epoch 811 with Test RMSE: 12.242333952338743
Epoch 812 MSE: 0.00011246639769524336
Epoch 812 val RMSE: 12.23917517881075
Best model saved at epoch 812 with Test RMSE: 12.23917517881075
Epoch 813 MSE: 0.00011229555821046233
Epoch 813 val RMSE: 12.236043024661493
Best model saved at epoch 813 with Test RMSE: 12.236043024661493
Epoch 814 MSE: 0.00011212643585167825
Epoch 814 val RMSE: 12.23295746796685
Best model saved at epoch 814 with Test RMSE: 12.23295746796685
Epoch 815 MSE: 0.00011195935803698376
Epoch 815 val RMSE: 12.22992478229789
Best model saved at epoch 815 with Test RMSE: 12.22992478229789
Epoch 816 MSE: 0.00011179366265423596
Epoch 816 val RMSE: 12.22691193590112
Best model saved at epoch 816 with Test RMSE: 12.22691193590112
Epoch 817 MSE: 0.00011162948067067191
Epoch 817 val RMSE: 12.223954519177257
Best model saved at epoch 817 with Test RMSE: 12.223954519177257
Epoch 818 MSE: 0.00011146733595523983
Epoch 818 val RMSE: 12.221033843864873
Best model saved at epoch 818 with Test RMSE: 12.221033843864873
Epoch 819 MSE: 0.00011130666825920343
Epoch 819 val RMSE: 12.218148687449863
Best model saved at epoch 819 with Test RMSE: 12.218148687449863
Epoch 820 MSE: 0.00011114784865640104
Epoch 820 val RMSE: 12.215313440362022
Best model saved at epoch 820 with Test RMSE: 12.215313440362022
Epoch 821 MSE: 0.0001109902877942659
Epoch 821 val RMSE: 12.212511269945862
Best model saved at epoch 821 with Test RMSE: 12.212511269945862
Epoch 822 MSE: 0.00011083470599260181
Epoch 822 val RMSE: 12.209752821611245
Best model saved at epoch 822 with Test RMSE: 12.209752821611245
Epoch 823 MSE: 0.00011068059393437579
Epoch 823 val RMSE: 12.2070374999984
Best model saved at epoch 823 with Test RMSE: 12.2070374999984
Epoch 824 MSE: 0.00011052794434363022
Epoch 824 val RMSE: 12.204350330607014
Best model saved at epoch 824 with Test RMSE: 12.204350330607014
Epoch 825 MSE: 0.00011037682270398363
Epoch 825 val RMSE: 12.201710715500742
Best model saved at epoch 825 with Test RMSE: 12.201710715500742
Epoch 826 MSE: 0.00011022738908650354
Epoch 826 val RMSE: 12.199098047153425
Best model saved at epoch 826 with Test RMSE: 12.199098047153425
Epoch 827 MSE: 0.0001100795270758681
Epoch 827 val RMSE: 12.196522977041129
Best model saved at epoch 827 with Test RMSE: 12.196522977041129
Epoch 828 MSE: 0.00010993318574037403
Epoch 828 val RMSE: 12.19398678032057
Best model saved at epoch 828 with Test RMSE: 12.19398678032057
Epoch 829 MSE: 0.00010978846694342792
Epoch 829 val RMSE: 12.191485100674196
Best model saved at epoch 829 with Test RMSE: 12.191485100674196
Epoch 830 MSE: 0.00010964495595544577
Epoch 830 val RMSE: 12.189020463049228
Best model saved at epoch 830 with Test RMSE: 12.189020463049228
Epoch 831 MSE: 0.00010950294381473213
Epoch 831 val RMSE: 12.186594142016324
Best model saved at epoch 831 with Test RMSE: 12.186594142016324
Epoch 832 MSE: 0.00010936235776171088
Epoch 832 val RMSE: 12.184198020242627
Best model saved at epoch 832 with Test RMSE: 12.184198020242627
Epoch 833 MSE: 0.00010922327055595815
Epoch 833 val RMSE: 12.18184150993774
Best model saved at epoch 833 with Test RMSE: 12.18184150993774
Epoch 834 MSE: 0.00010908580588875338
Epoch 834 val RMSE: 12.179518369977089
Best model saved at epoch 834 with Test RMSE: 12.179518369977089
Epoch 835 MSE: 0.00010894916340475902
Epoch 835 val RMSE: 12.177226113340824
Best model saved at epoch 835 with Test RMSE: 12.177226113340824
Epoch 836 MSE: 0.00010881447815336287
Epoch 836 val RMSE: 12.174966010764928
Best model saved at epoch 836 with Test RMSE: 12.174966010764928
Epoch 837 MSE: 0.00010868092795135453
Epoch 837 val RMSE: 12.17274246748396
Best model saved at epoch 837 with Test RMSE: 12.17274246748396
Epoch 838 MSE: 0.00010854883294086903
Epoch 838 val RMSE: 12.17054735418217
Best model saved at epoch 838 with Test RMSE: 12.17054735418217
Epoch 839 MSE: 0.00010841792391147465
Epoch 839 val RMSE: 12.168385075140993
Best model saved at epoch 839 with Test RMSE: 12.168385075140993
Epoch 840 MSE: 0.00010828837548615411
Epoch 840 val RMSE: 12.166255020772363
Best model saved at epoch 840 with Test RMSE: 12.166255020772363
Epoch 841 MSE: 0.00010816008580150083
Epoch 841 val RMSE: 12.164158462410493
Best model saved at epoch 841 with Test RMSE: 12.164158462410493
Epoch 842 MSE: 0.00010803322948049754
Epoch 842 val RMSE: 12.162089144284202
Best model saved at epoch 842 with Test RMSE: 12.162089144284202
Epoch 843 MSE: 0.00010790758824441582
Epoch 843 val RMSE: 12.16005460927647
Best model saved at epoch 843 with Test RMSE: 12.16005460927647
Epoch 844 MSE: 0.00010778316936921328
Epoch 844 val RMSE: 12.158052992295952
Best model saved at epoch 844 with Test RMSE: 12.158052992295952
Epoch 845 MSE: 0.0001076599583029747
Epoch 845 val RMSE: 12.15608117150598
Best model saved at epoch 845 with Test RMSE: 12.15608117150598
Epoch 846 MSE: 0.00010753792594186962
Epoch 846 val RMSE: 12.15413476736865
Best model saved at epoch 846 with Test RMSE: 12.15413476736865
Epoch 847 MSE: 0.00010741707228589803
Epoch 847 val RMSE: 12.15221755901212
Best model saved at epoch 847 with Test RMSE: 12.15221755901212
Epoch 848 MSE: 0.00010729755740612745
Epoch 848 val RMSE: 12.150333327756318
Best model saved at epoch 848 with Test RMSE: 12.150333327756318
Epoch 849 MSE: 0.00010717922850744799
Epoch 849 val RMSE: 12.148470784721283
Best model saved at epoch 849 with Test RMSE: 12.148470784721283
Epoch 850 MSE: 0.00010706196917453781
Epoch 850 val RMSE: 12.146647526893094
Best model saved at epoch 850 with Test RMSE: 12.146647526893094
Epoch 851 MSE: 0.00010694575030356646
Epoch 851 val RMSE: 12.14484095676985
Best model saved at epoch 851 with Test RMSE: 12.14484095676985
Epoch 852 MSE: 0.00010683083382900804
Epoch 852 val RMSE: 12.143072443744352
Best model saved at epoch 852 with Test RMSE: 12.143072443744352
Epoch 853 MSE: 0.00010671696509234607
Epoch 853 val RMSE: 12.141323781370074
Best model saved at epoch 853 with Test RMSE: 12.141323781370074
Epoch 854 MSE: 0.00010660415864549577
Epoch 854 val RMSE: 12.139612575426174
Best model saved at epoch 854 with Test RMSE: 12.139612575426174
Epoch 855 MSE: 0.00010649251635186374
Epoch 855 val RMSE: 12.137926270594603
Best model saved at epoch 855 with Test RMSE: 12.137926270594603
Epoch 856 MSE: 0.00010638193634804338
Epoch 856 val RMSE: 12.136254190296295
Best model saved at epoch 856 with Test RMSE: 12.136254190296295
Epoch 857 MSE: 0.00010627242590999231
Epoch 857 val RMSE: 12.13463154928546
Best model saved at epoch 857 with Test RMSE: 12.13463154928546
Epoch 858 MSE: 0.00010616386862238869
Epoch 858 val RMSE: 12.133011206518356
Best model saved at epoch 858 with Test RMSE: 12.133011206518356
Epoch 859 MSE: 0.00010605608986224979
Epoch 859 val RMSE: 12.13142963887636
Best model saved at epoch 859 with Test RMSE: 12.13142963887636
Epoch 860 MSE: 0.00010594978084554896
Epoch 860 val RMSE: 12.129881200751141
Best model saved at epoch 860 with Test RMSE: 12.129881200751141
Epoch 861 MSE: 0.00010584419942460954
Epoch 861 val RMSE: 12.128330048712717
Best model saved at epoch 861 with Test RMSE: 12.128330048712717
Epoch 862 MSE: 0.00010573989129625261
Epoch 862 val RMSE: 12.126844128244668
Best model saved at epoch 862 with Test RMSE: 12.126844128244668
Epoch 863 MSE: 0.00010563625255599618
Epoch 863 val RMSE: 12.125352992002503
Best model saved at epoch 863 with Test RMSE: 12.125352992002503
Epoch 864 MSE: 0.00010553349420661107
Epoch 864 val RMSE: 12.123891248838875
Best model saved at epoch 864 with Test RMSE: 12.123891248838875
Epoch 865 MSE: 0.00010543174721533433
Epoch 865 val RMSE: 12.122483454413912
Best model saved at epoch 865 with Test RMSE: 12.122483454413912
Epoch 866 MSE: 0.0001053311862051487
Epoch 866 val RMSE: 12.121049060302727
Best model saved at epoch 866 with Test RMSE: 12.121049060302727
Epoch 867 MSE: 0.00010523137461859733
Epoch 867 val RMSE: 12.119695073185307
Best model saved at epoch 867 with Test RMSE: 12.119695073185307
Epoch 868 MSE: 0.00010513253801036626
Epoch 868 val RMSE: 12.118326454571617
Best model saved at epoch 868 with Test RMSE: 12.118326454571617
Epoch 869 MSE: 0.0001050345235853456
Epoch 869 val RMSE: 12.116992941498973
Best model saved at epoch 869 with Test RMSE: 12.116992941498973
Epoch 870 MSE: 0.00010493739682715386
Epoch 870 val RMSE: 12.115700212962956
Best model saved at epoch 870 with Test RMSE: 12.115700212962956
Epoch 871 MSE: 0.00010484116501174867
Epoch 871 val RMSE: 12.114384674428951
Best model saved at epoch 871 with Test RMSE: 12.114384674428951
Epoch 872 MSE: 0.00010474562441231683
Epoch 872 val RMSE: 12.113152132696252
Best model saved at epoch 872 with Test RMSE: 12.113152132696252
Epoch 873 MSE: 0.0001046512697939761
Epoch 873 val RMSE: 12.111893009373382
Best model saved at epoch 873 with Test RMSE: 12.111893009373382
Epoch 874 MSE: 0.00010455754090799019
Epoch 874 val RMSE: 12.1106828930791
Best model saved at epoch 874 with Test RMSE: 12.1106828930791
Epoch 875 MSE: 0.00010446461965329945
Epoch 875 val RMSE: 12.109508567811753
Best model saved at epoch 875 with Test RMSE: 12.109508567811753
Epoch 876 MSE: 0.00010437239689053968
Epoch 876 val RMSE: 12.108310185038595
Best model saved at epoch 876 with Test RMSE: 12.108310185038595
Epoch 877 MSE: 0.00010428100358694792
Epoch 877 val RMSE: 12.107203056227585
Best model saved at epoch 877 with Test RMSE: 12.107203056227585
Epoch 878 MSE: 0.0001041905052261427
Epoch 878 val RMSE: 12.10605423217101
Best model saved at epoch 878 with Test RMSE: 12.10605423217101
Epoch 879 MSE: 0.00010410104732727632
Epoch 879 val RMSE: 12.104963914328184
Best model saved at epoch 879 with Test RMSE: 12.104963914328184
Epoch 880 MSE: 0.00010401178587926552
Epoch 880 val RMSE: 12.103893038381093
Best model saved at epoch 880 with Test RMSE: 12.103893038381093
Epoch 881 MSE: 0.00010392373951617628
Epoch 881 val RMSE: 12.102818285391992
Best model saved at epoch 881 with Test RMSE: 12.102818285391992
Epoch 882 MSE: 0.00010383622429799289
Epoch 882 val RMSE: 12.101807110988116
Best model saved at epoch 882 with Test RMSE: 12.101807110988116
Epoch 883 MSE: 0.00010374966223025694
Epoch 883 val RMSE: 12.100775676486869
Best model saved at epoch 883 with Test RMSE: 12.100775676486869
Epoch 884 MSE: 0.00010366349306423217
Epoch 884 val RMSE: 12.099799011074458
Best model saved at epoch 884 with Test RMSE: 12.099799011074458
Epoch 885 MSE: 0.0001035782988765277
Epoch 885 val RMSE: 12.098831095076395
Best model saved at epoch 885 with Test RMSE: 12.098831095076395
Epoch 886 MSE: 0.00010349361400585622
Epoch 886 val RMSE: 12.097881390179827
Best model saved at epoch 886 with Test RMSE: 12.097881390179827
Epoch 887 MSE: 0.00010340983862988651
Epoch 887 val RMSE: 12.096966298536575
Best model saved at epoch 887 with Test RMSE: 12.096966298536575
Epoch 888 MSE: 0.00010332647798350081
Epoch 888 val RMSE: 12.09605618353819
Best model saved at epoch 888 with Test RMSE: 12.09605618353819
Epoch 889 MSE: 0.00010324425238650292
Epoch 889 val RMSE: 12.095180692990649
Best model saved at epoch 889 with Test RMSE: 12.095180692990649
Epoch 890 MSE: 0.00010316213592886925
Epoch 890 val RMSE: 12.094316493918875
Best model saved at epoch 890 with Test RMSE: 12.094316493918875
Epoch 891 MSE: 0.00010308099444955587
Epoch 891 val RMSE: 12.093480622201795
Best model saved at epoch 891 with Test RMSE: 12.093480622201795
Epoch 892 MSE: 0.00010300065332558006
Epoch 892 val RMSE: 12.092664881874157
Best model saved at epoch 892 with Test RMSE: 12.092664881874157
Epoch 893 MSE: 0.00010292073420714587
Epoch 893 val RMSE: 12.091862967484127
Best model saved at epoch 893 with Test RMSE: 12.091862967484127
Epoch 894 MSE: 0.00010284157178830355
Epoch 894 val RMSE: 12.091097597541808
Best model saved at epoch 894 with Test RMSE: 12.091097597541808
Epoch 895 MSE: 0.00010276279499521479
Epoch 895 val RMSE: 12.0903315481156
Best model saved at epoch 895 with Test RMSE: 12.0903315481156
Epoch 896 MSE: 0.00010268448386341333
Epoch 896 val RMSE: 12.089612780507785
Best model saved at epoch 896 with Test RMSE: 12.089612780507785
Epoch 897 MSE: 0.00010260763519909233
Epoch 897 val RMSE: 12.088888921301349
Best model saved at epoch 897 with Test RMSE: 12.088888921301349
Epoch 898 MSE: 0.00010253059008391574
Epoch 898 val RMSE: 12.088197838285865
Best model saved at epoch 898 with Test RMSE: 12.088197838285865
Epoch 899 MSE: 0.00010245451994705945
Epoch 899 val RMSE: 12.087531962939256
Best model saved at epoch 899 with Test RMSE: 12.087531962939256
Epoch 900 MSE: 0.000102378980955109
Epoch 900 val RMSE: 12.086864788481712
Best model saved at epoch 900 with Test RMSE: 12.086864788481712
Epoch 901 MSE: 0.00010230403859168291
Epoch 901 val RMSE: 12.086247445726732
Best model saved at epoch 901 with Test RMSE: 12.086247445726732
Epoch 902 MSE: 0.0001022295473376289
Epoch 902 val RMSE: 12.085626915046133
Best model saved at epoch 902 with Test RMSE: 12.085626915046133
Epoch 903 MSE: 0.00010215565271209925
Epoch 903 val RMSE: 12.085039180617922
Best model saved at epoch 903 with Test RMSE: 12.085039180617922
Epoch 904 MSE: 0.00010208234743913636
Epoch 904 val RMSE: 12.084473514475933
Best model saved at epoch 904 with Test RMSE: 12.084473514475933
Epoch 905 MSE: 0.00010200964607065544
Epoch 905 val RMSE: 12.083912872798397
Best model saved at epoch 905 with Test RMSE: 12.083912872798397
Epoch 906 MSE: 0.00010193744674324989
Epoch 906 val RMSE: 12.083391351670159
Best model saved at epoch 906 with Test RMSE: 12.083391351670159
Epoch 907 MSE: 0.00010186569852521643
Epoch 907 val RMSE: 12.082867282342189
Best model saved at epoch 907 with Test RMSE: 12.082867282342189
Epoch 908 MSE: 0.0001017947361106053
Epoch 908 val RMSE: 12.082391180380736
Best model saved at epoch 908 with Test RMSE: 12.082391180380736
Epoch 909 MSE: 0.0001017241011140868
Epoch 909 val RMSE: 12.081902430205593
Best model saved at epoch 909 with Test RMSE: 12.081902430205593
Epoch 910 MSE: 0.00010165423736907542
Epoch 910 val RMSE: 12.081464811527926
Best model saved at epoch 910 with Test RMSE: 12.081464811527926
Epoch 911 MSE: 0.0001015846137306653
Epoch 911 val RMSE: 12.08101959877139
Best model saved at epoch 911 with Test RMSE: 12.08101959877139
Epoch 912 MSE: 0.00010151564492844045
Epoch 912 val RMSE: 12.08061036746844
Best model saved at epoch 912 with Test RMSE: 12.08061036746844
Epoch 913 MSE: 0.00010144714178750291
Epoch 913 val RMSE: 12.080215016655655
Best model saved at epoch 913 with Test RMSE: 12.080215016655655
Epoch 914 MSE: 0.00010137903882423416
Epoch 914 val RMSE: 12.079836074020015
Best model saved at epoch 914 with Test RMSE: 12.079836074020015
Epoch 915 MSE: 0.0001013116052490659
Epoch 915 val RMSE: 12.079483646700236
Best model saved at epoch 915 with Test RMSE: 12.079483646700236
Epoch 916 MSE: 0.00010124468826688826
Epoch 916 val RMSE: 12.079141946596026
Best model saved at epoch 916 with Test RMSE: 12.079141946596026
Epoch 917 MSE: 0.00010117801139131188
Epoch 917 val RMSE: 12.07882234403462
Best model saved at epoch 917 with Test RMSE: 12.07882234403462
Epoch 918 MSE: 0.0001011120475595817
Epoch 918 val RMSE: 12.078525472419662
Best model saved at epoch 918 with Test RMSE: 12.078525472419662
Epoch 919 MSE: 0.00010104667308041826
Epoch 919 val RMSE: 12.078239963472923
Best model saved at epoch 919 with Test RMSE: 12.078239963472923
Epoch 920 MSE: 0.00010098148050019518
Epoch 920 val RMSE: 12.077982873314813
Best model saved at epoch 920 with Test RMSE: 12.077982873314813
Epoch 921 MSE: 0.0001009168045129627
Epoch 921 val RMSE: 12.07773019952263
Best model saved at epoch 921 with Test RMSE: 12.07773019952263
Epoch 922 MSE: 0.00010085254325531423
Epoch 922 val RMSE: 12.077512264130986
Best model saved at epoch 922 with Test RMSE: 12.077512264130986
Epoch 923 MSE: 0.00010078895866172388
Epoch 923 val RMSE: 12.077302537084414
Best model saved at epoch 923 with Test RMSE: 12.077302537084414
Epoch 924 MSE: 0.00010072562872665003
Epoch 924 val RMSE: 12.077109862943267
Best model saved at epoch 924 with Test RMSE: 12.077109862943267
Epoch 925 MSE: 0.00010066301183542237
Epoch 925 val RMSE: 12.076941823314002
Best model saved at epoch 925 with Test RMSE: 12.076941823314002
Epoch 926 MSE: 0.00010060062049888074
Epoch 926 val RMSE: 12.076786416162271
Best model saved at epoch 926 with Test RMSE: 12.076786416162271
Epoch 927 MSE: 0.00010053881123894826
Epoch 927 val RMSE: 12.076650591200902
Best model saved at epoch 927 with Test RMSE: 12.076650591200902
Epoch 928 MSE: 0.00010047759133158252
Epoch 928 val RMSE: 12.076536244351392
Best model saved at epoch 928 with Test RMSE: 12.076536244351392
Epoch 929 MSE: 0.00010041616769740358
Epoch 929 val RMSE: 12.076433268085227
Best model saved at epoch 929 with Test RMSE: 12.076433268085227
Epoch 930 MSE: 0.00010035570448962972
Epoch 930 val RMSE: 12.076362510878043
Best model saved at epoch 930 with Test RMSE: 12.076362510878043
Epoch 931 MSE: 0.00010029570694314316
Epoch 931 val RMSE: 12.076282276757599
Best model saved at epoch 931 with Test RMSE: 12.076282276757599
Epoch 932 MSE: 0.00010023584763985127
Epoch 932 val RMSE: 12.076256374289928
Best model saved at epoch 932 with Test RMSE: 12.076256374289928
Epoch 933 MSE: 0.00010017654130933806
Epoch 933 val RMSE: 12.076207728041958
Best model saved at epoch 933 with Test RMSE: 12.076207728041958
Epoch 934 MSE: 0.000100117722467985
Epoch 934 val RMSE: 12.076212782206714
Epoch 935 MSE: 0.00010005926742451265
Epoch 935 val RMSE: 12.076190670220292
Best model saved at epoch 935 with Test RMSE: 12.076190670220292
Epoch 936 MSE: 0.00010000127804232761
Epoch 936 val RMSE: 12.076245002457304
Epoch 937 MSE: 9.994342690333724e-05
Epoch 937 val RMSE: 12.076245634226064
Epoch 938 MSE: 9.988631791202351e-05
Epoch 938 val RMSE: 12.076351139145363
Epoch 939 MSE: 9.982936171581969e-05
Epoch 939 val RMSE: 12.076361247352718
Epoch 940 MSE: 9.977287118090317e-05
Epoch 940 val RMSE: 12.076532453829552
Epoch 941 MSE: 9.971667168429121e-05
Epoch 941 val RMSE: 12.076527399798584
Epoch 942 MSE: 9.966111247194931e-05
Epoch 942 val RMSE: 12.076801577923646
Epoch 943 MSE: 9.960593160940334e-05
Epoch 943 val RMSE: 12.076725137182782
Epoch 944 MSE: 9.955080167856067e-05
Epoch 944 val RMSE: 12.077166717927561
Epoch 945 MSE: 9.94964866549708e-05
Epoch 945 val RMSE: 12.076943718510828
Epoch 946 MSE: 9.944235353032127e-05
Epoch 946 val RMSE: 12.077660081608316
Epoch 947 MSE: 9.938851871993393e-05
Epoch 947 val RMSE: 12.07713513185822
Epoch 948 MSE: 9.933530236594379e-05
Epoch 948 val RMSE: 12.078354925851606
Epoch 949 MSE: 9.92825225694105e-05
Epoch 949 val RMSE: 12.0771913550043
Epoch 950 MSE: 9.923053585225716e-05
Epoch 950 val RMSE: 12.07939648566963
Epoch 951 MSE: 9.917947318172082e-05
Epoch 951 val RMSE: 12.076895706766262
Epoch 952 MSE: 9.913000394590199e-05
Epoch 952 val RMSE: 12.081093486279244
Epoch 953 MSE: 9.908315405482426e-05
Epoch 953 val RMSE: 12.07577432554631
Best model saved at epoch 953 with Test RMSE: 12.07577432554631
Epoch 954 MSE: 9.904250327963382e-05
Epoch 954 val RMSE: 12.084160997830358
Epoch 955 MSE: 9.90135085885413e-05
Epoch 955 val RMSE: 12.072770406096536
Best model saved at epoch 955 with Test RMSE: 12.072770406096536
Epoch 956 MSE: 9.900959412334487e-05
Epoch 956 val RMSE: 12.09022490311937
Epoch 957 MSE: 9.906042396323755e-05
Epoch 957 val RMSE: 12.065433758156436
Best model saved at epoch 957 with Test RMSE: 12.065433758156436
Epoch 958 MSE: 9.923250036081299e-05
Epoch 958 val RMSE: 12.103091237567485
Epoch 959 MSE: 9.96761882561259e-05
Epoch 959 val RMSE: 12.048056063416478
Best model saved at epoch 959 with Test RMSE: 12.048056063416478
Epoch 960 MSE: 0.00010073753946926445
Epoch 960 val RMSE: 12.13191262056432
Epoch 961 MSE: 0.00010321376612409949
Epoch 961 val RMSE: 12.00722032127961
Best model saved at epoch 961 with Test RMSE: 12.00722032127961
Epoch 962 MSE: 0.00010899191693169996
Epoch 962 val RMSE: 12.1993094327001
Epoch 963 MSE: 0.00012244224490132183
Epoch 963 val RMSE: 11.91213611475315
Best model saved at epoch 963 with Test RMSE: 11.91213611475315
Epoch 964 MSE: 0.00015409989282488823
Epoch 964 val RMSE: 12.362055009290906
Epoch 965 MSE: 0.00022749710478819907
Epoch 965 val RMSE: 11.702495889090484
Best model saved at epoch 965 with Test RMSE: 11.702495889090484
Epoch 966 MSE: 0.0003974276769440621
Epoch 966 val RMSE: 12.747036458587639
Epoch 967 MSE: 0.000755763438064605
Epoch 967 val RMSE: 11.357484851770797
Best model saved at epoch 967 with Test RMSE: 11.357484851770797
Epoch 968 MSE: 0.0014431909658014774
Epoch 968 val RMSE: 13.39386652167292
Epoch 969 MSE: 0.002192137762904167
Epoch 969 val RMSE: 11.444957199049979
Epoch 970 MSE: 0.002413887297734618
Epoch 970 val RMSE: 13.16657756018767
Epoch 971 MSE: 0.0008933222270570695
Epoch 971 val RMSE: 12.663670905034433
Epoch 972 MSE: 0.000224055620492436
Epoch 972 val RMSE: 11.615969195742787
Epoch 973 MSE: 0.0010477469768375158
Epoch 973 val RMSE: 12.118840806373948
Epoch 974 MSE: 0.000752671854570508
Epoch 974 val RMSE: 11.296852037926179
Best model saved at epoch 974 with Test RMSE: 11.296852037926179
Epoch 975 MSE: 0.00012950862583238631
Epoch 975 val RMSE: 10.619955144237899
Best model saved at epoch 975 with Test RMSE: 10.619955144237899
Epoch 976 MSE: 0.0006153563736006618
Epoch 976 val RMSE: 11.050159187378535
Epoch 977 MSE: 0.0006032706005498767
Epoch 977 val RMSE: 10.745393342655209
Epoch 978 MSE: 0.0001496017794124782
Epoch 978 val RMSE: 10.686245671779083
Epoch 979 MSE: 0.000389726716093719
Epoch 979 val RMSE: 11.278870561478136
Epoch 980 MSE: 0.0004033773730043322
Epoch 980 val RMSE: 11.22472713283236
Epoch 981 MSE: 0.0001377152802888304
Epoch 981 val RMSE: 11.137328442623357
Epoch 982 MSE: 0.0003310666943434626
Epoch 982 val RMSE: 11.445327831687683
Epoch 983 MSE: 0.0002705822989810258
Epoch 983 val RMSE: 11.249845715630427
Epoch 984 MSE: 0.00014134131197351962
Epoch 984 val RMSE: 10.919603801987636
Epoch 985 MSE: 0.00028634880436584353
Epoch 985 val RMSE: 11.0139519036377
Epoch 986 MSE: 0.0001832062698667869
Epoch 986 val RMSE: 10.872347102560454
Epoch 987 MSE: 0.00015039544086903334
Epoch 987 val RMSE: 10.64290125134582
Epoch 988 MSE: 0.0002501619455870241
Epoch 988 val RMSE: 10.852037412551523
Epoch 989 MSE: 0.00015181195340119302
Epoch 989 val RMSE: 10.938901277423914
Epoch 990 MSE: 0.00015250002616085112
Epoch 990 val RMSE: 10.879384176553154
Epoch 991 MSE: 0.00020633709209505469
Epoch 991 val RMSE: 11.127276241304202
Epoch 992 MSE: 0.00012719719961751252
Epoch 992 val RMSE: 11.242801312834061
Epoch 993 MSE: 0.00015736569184809923
Epoch 993 val RMSE: 11.111663711369703
Epoch 994 MSE: 0.0001769993978086859
Epoch 994 val RMSE: 11.185809982772957
Epoch 995 MSE: 0.00011914527567569166
Epoch 995 val RMSE: 11.191812547162337
Epoch 996 MSE: 0.00015753517800476402
Epoch 996 val RMSE: 10.969344685401605
Epoch 997 MSE: 0.00015068170614540577
Epoch 997 val RMSE: 10.956058473974856
Epoch 998 MSE: 0.00011562379950191826
Epoch 998 val RMSE: 10.985575495053482
Epoch 999 MSE: 0.00015259560314007103
Epoch 999 val RMSE: 10.848310671315913
Training time: 37.37909531593323
(400119.158, 3044703.654, 670) 训练完成

./images/(400119.158, 3044703.654, 670)LSTM训练集可视化结果.png保存成功
Train Score: 1.38 RMSE
Train Score: 10.62 RMSE
Test Score: 42.49 RMSE
训练过程中发生错误: 
Image export using the "kaleido" engine requires the kaleido package,
which can be installed using pip:
    $ pip install -U kaleido

